2026-08-31 14:56:54 | DEBUG   | steamreq | logging inicializado | arquivo=C:\Users\z004kree\OneDrive - Siemens Energy\Área de Trabalho\MBA DSA\steam-req-pipeline\data/logs\run_20260831_145654.log
2026-08-31 14:56:54 | INFO    | steamreq.cli | ==============================================================================
2026-08-31 14:56:54 | INFO    | steamreq.cli | steam-req-pipeline v0.1.0 | scraper=0.1.0 | filter_version=1.1.0
2026-08-31 14:56:54 | INFO    | steamreq.cli | log persistente: C:\Users\z004kree\OneDrive - Siemens Energy\Área de Trabalho\MBA DSA\steam-req-pipeline\data/logs\run_20260831_145654.log
2026-08-31 14:56:54 | INFO    | steamreq.cli | ==============================================================================
2026-08-31 14:56:54 | INFO    | steamreq.tags | [TAGS]      taxonomia carregada do cache | 446 tags | coletada em 2026-08-31T13:00:47Z
2026-08-31 14:56:54 | INFO    | steamreq.cli | [TAGS]      446 tags oficiais | 42/42 tags do filtro resolvidas
2026-08-31 14:56:54 | DEBUG   | steamreq.cli | [TAGS]      positiva forte 3D                     -> 4191
2026-08-31 14:56:54 | DEBUG   | steamreq.cli | [TAGS]      positiva forte First-Person           -> 3839
2026-08-31 14:56:54 | DEBUG   | steamreq.cli | [TAGS]      positiva forte Third Person           -> 1697
2026-08-31 14:56:54 | DEBUG   | steamreq.cli | [TAGS]      positiva forte Third-Person Shooter   -> 3814
2026-08-31 14:56:54 | DEBUG   | steamreq.cli | [TAGS]      positiva forte FPS                    -> 1663
2026-08-31 14:56:54 | DEBUG   | steamreq.cli | [TAGS]      positiva forte 3D Platformer          -> 5395
2026-08-31 14:56:54 | DEBUG   | steamreq.cli | [TAGS]      positiva forte 3D Fighter             -> 6506
2026-08-31 14:56:54 | DEBUG   | steamreq.cli | [TAGS]      positiva forte Immersive Sim          -> 9204
2026-08-31 14:56:54 | DEBUG   | steamreq.cli | [TAGS]      positiva forte Walking Simulator      -> 5900
2026-08-31 14:56:54 | DEBUG   | steamreq.cli | [TAGS]      positiva forte Automobile Sim         -> 1100687
2026-08-31 14:56:54 | DEBUG   | steamreq.cli | [TAGS]      positiva forte Flight                 -> 15045
2026-08-31 14:56:54 | DEBUG   | steamreq.cli | [TAGS]      positiva forte Space Sim              -> 16598
2026-08-31 14:56:54 | DEBUG   | steamreq.cli | [TAGS]      positiva forte Looter Shooter         -> 353880
2026-08-31 14:56:54 | DEBUG   | steamreq.cli | [TAGS]      positiva forte Hero Shooter           -> 620519
2026-08-31 14:56:54 | DEBUG   | steamreq.cli | [TAGS]      positiva forte Arena Shooter          -> 5547
2026-08-31 14:56:54 | DEBUG   | steamreq.cli | [TAGS]      positiva forte Rail Shooter           -> 3954
2026-08-31 14:56:54 | INFO    | steamreq.discovery | [DISCOVERY] 24 tags positivas a consultar | untags=Indie(492) | ritmo 4.0s/req
2026-08-31 14:56:54 | INFO    | steamreq.discovery | [DISCOVERY] --- tag 1/24: 3D ---
2026-08-31 14:56:55 | INFO    | steamreq.discovery | [DISCOVERY] tag 3D (4191) untags=Indie(492) -> total_count=26,761
2026-08-31 14:57:11 | INFO    | steamreq.discovery | [DISCOVERY] 3D                     | pag 0005/0536 | 250 app_ids | 0.9% | decorrido 00:00:16
2026-08-31 14:57:31 | INFO    | steamreq.discovery | [DISCOVERY] 3D                     | pag 0010/0536 | 498 app_ids | 1.9% | decorrido 00:00:36
2026-08-31 14:57:51 | INFO    | steamreq.discovery | [DISCOVERY] 3D                     | pag 0015/0536 | 747 app_ids | 2.8% | decorrido 00:00:56
2026-08-31 14:58:11 | INFO    | steamreq.discovery | [DISCOVERY] 3D                     | pag 0020/0536 | 996 app_ids | 3.7% | decorrido 00:01:16
2026-08-31 14:58:31 | INFO    | steamreq.discovery | [DISCOVERY] 3D                     | pag 0025/0536 | 1,243 app_ids | 4.7% | decorrido 00:01:36
2026-08-31 14:58:51 | INFO    | steamreq.discovery | [DISCOVERY] 3D                     | pag 0030/0536 | 1,491 app_ids | 5.6% | decorrido 00:01:56
2026-08-31 14:59:11 | INFO    | steamreq.discovery | [DISCOVERY] 3D                     | pag 0035/0536 | 1,741 app_ids | 6.5% | decorrido 00:02:16
2026-08-31 14:59:31 | INFO    | steamreq.discovery | [DISCOVERY] 3D                     | pag 0040/0536 | 1,990 app_ids | 7.5% | decorrido 00:02:36
2026-08-31 14:59:51 | INFO    | steamreq.discovery | [DISCOVERY] 3D                     | pag 0045/0536 | 2,239 app_ids | 8.4% | decorrido 00:02:56
2026-08-31 15:00:11 | INFO    | steamreq.discovery | [DISCOVERY] 3D                     | pag 0050/0536 | 2,488 app_ids | 9.3% | decorrido 00:03:16
2026-08-31 15:00:31 | INFO    | steamreq.discovery | [DISCOVERY] 3D                     | pag 0055/0536 | 2,734 app_ids | 10.3% | decorrido 00:03:36
2026-08-31 15:00:51 | INFO    | steamreq.discovery | [DISCOVERY] 3D                     | pag 0060/0536 | 2,981 app_ids | 11.2% | decorrido 00:03:56
2026-08-31 15:01:11 | INFO    | steamreq.discovery | [DISCOVERY] 3D                     | pag 0065/0536 | 3,226 app_ids | 12.1% | decorrido 00:04:16
2026-08-31 15:01:31 | INFO    | steamreq.discovery | [DISCOVERY] 3D                     | pag 0070/0536 | 3,472 app_ids | 13.1% | decorrido 00:04:36
2026-08-31 15:01:51 | INFO    | steamreq.discovery | [DISCOVERY] 3D                     | pag 0075/0536 | 3,713 app_ids | 14.0% | decorrido 00:04:56
2026-08-31 15:02:11 | INFO    | steamreq.discovery | [DISCOVERY] 3D                     | pag 0080/0536 | 3,949 app_ids | 14.9% | decorrido 00:05:16
2026-08-31 15:02:31 | INFO    | steamreq.discovery | [DISCOVERY] 3D                     | pag 0085/0536 | 4,192 app_ids | 15.9% | decorrido 00:05:36
2026-08-31 15:02:51 | INFO    | steamreq.discovery | [DISCOVERY] 3D                     | pag 0090/0536 | 4,398 app_ids | 16.8% | decorrido 00:05:56
2026-08-31 15:03:11 | INFO    | steamreq.discovery | [DISCOVERY] 3D                     | pag 0095/0536 | 4,639 app_ids | 17.7% | decorrido 00:06:16
2026-08-31 15:03:31 | INFO    | steamreq.discovery | [DISCOVERY] 3D                     | pag 0100/0536 | 4,884 app_ids | 18.7% | decorrido 00:06:36
2026-08-31 15:03:51 | INFO    | steamreq.discovery | [DISCOVERY] 3D                     | pag 0105/0536 | 5,116 app_ids | 19.6% | decorrido 00:06:56
2026-08-31 15:04:11 | INFO    | steamreq.discovery | [DISCOVERY] 3D                     | pag 0110/0536 | 5,361 app_ids | 20.6% | decorrido 00:07:16
2026-08-31 15:04:31 | INFO    | steamreq.discovery | [DISCOVERY] 3D                     | pag 0115/0536 | 5,585 app_ids | 21.5% | decorrido 00:07:36
2026-08-31 15:04:51 | INFO    | steamreq.discovery | [DISCOVERY] 3D                     | pag 0120/0536 | 5,818 app_ids | 22.4% | decorrido 00:07:56
2026-08-31 15:05:11 | INFO    | steamreq.discovery | [DISCOVERY] 3D                     | pag 0125/0536 | 6,056 app_ids | 23.4% | decorrido 00:08:16
2026-08-31 15:05:31 | INFO    | steamreq.discovery | [DISCOVERY] 3D                     | pag 0130/0536 | 6,289 app_ids | 24.3% | decorrido 00:08:36
2026-08-31 15:05:51 | INFO    | steamreq.discovery | [DISCOVERY] 3D                     | pag 0135/0536 | 6,519 app_ids | 25.2% | decorrido 00:08:56
2026-08-31 15:06:11 | INFO    | steamreq.discovery | [DISCOVERY] 3D                     | pag 0140/0536 | 6,757 app_ids | 26.2% | decorrido 00:09:16
2026-08-31 15:06:31 | INFO    | steamreq.discovery | [DISCOVERY] 3D                     | pag 0145/0536 | 6,995 app_ids | 27.1% | decorrido 00:09:36
2026-08-31 15:06:51 | INFO    | steamreq.discovery | [DISCOVERY] 3D                     | pag 0150/0536 | 7,223 app_ids | 28.0% | decorrido 00:09:56
2026-08-31 15:07:11 | INFO    | steamreq.discovery | [DISCOVERY] 3D                     | pag 0155/0536 | 7,451 app_ids | 29.0% | decorrido 00:10:16
2026-08-31 15:07:31 | INFO    | steamreq.discovery | [DISCOVERY] 3D                     | pag 0160/0536 | 7,689 app_ids | 29.9% | decorrido 00:10:36
2026-08-31 15:07:51 | INFO    | steamreq.discovery | [DISCOVERY] 3D                     | pag 0165/0536 | 7,935 app_ids | 30.8% | decorrido 00:10:56
2026-08-31 15:08:11 | INFO    | steamreq.discovery | [DISCOVERY] 3D                     | pag 0170/0536 | 8,180 app_ids | 31.8% | decorrido 00:11:16
2026-08-31 15:08:31 | INFO    | steamreq.discovery | [DISCOVERY] 3D                     | pag 0175/0536 | 8,425 app_ids | 32.7% | decorrido 00:11:36
2026-08-31 15:08:51 | INFO    | steamreq.discovery | [DISCOVERY] 3D                     | pag 0180/0536 | 8,672 app_ids | 33.6% | decorrido 00:11:56
2026-08-31 15:09:11 | INFO    | steamreq.discovery | [DISCOVERY] 3D                     | pag 0185/0536 | 8,921 app_ids | 34.6% | decorrido 00:12:16
2026-08-31 15:09:31 | INFO    | steamreq.discovery | [DISCOVERY] 3D                     | pag 0190/0536 | 9,166 app_ids | 35.5% | decorrido 00:12:36
2026-08-31 15:09:51 | INFO    | steamreq.discovery | [DISCOVERY] 3D                     | pag 0195/0536 | 9,400 app_ids | 36.4% | decorrido 00:12:56
2026-08-31 15:10:11 | INFO    | steamreq.discovery | [DISCOVERY] 3D                     | pag 0200/0536 | 9,632 app_ids | 37.4% | decorrido 00:13:16
2026-08-31 15:10:31 | INFO    | steamreq.discovery | [DISCOVERY] 3D                     | pag 0205/0536 | 9,870 app_ids | 38.3% | decorrido 00:13:36
2026-08-31 15:10:51 | INFO    | steamreq.discovery | [DISCOVERY] 3D                     | pag 0210/0536 | 10,089 app_ids | 39.2% | decorrido 00:13:56
2026-08-31 15:11:11 | INFO    | steamreq.discovery | [DISCOVERY] 3D                     | pag 0215/0536 | 10,315 app_ids | 40.2% | decorrido 00:14:16
2026-08-31 15:11:31 | INFO    | steamreq.discovery | [DISCOVERY] 3D                     | pag 0220/0536 | 10,552 app_ids | 41.1% | decorrido 00:14:36
2026-08-31 15:11:51 | INFO    | steamreq.discovery | [DISCOVERY] 3D                     | pag 0225/0536 | 10,752 app_ids | 42.0% | decorrido 00:14:56
2026-08-31 15:12:11 | INFO    | steamreq.discovery | [DISCOVERY] 3D                     | pag 0230/0536 | 10,951 app_ids | 43.0% | decorrido 00:15:16
2026-08-31 15:12:31 | INFO    | steamreq.discovery | [DISCOVERY] 3D                     | pag 0235/0536 | 11,147 app_ids | 43.9% | decorrido 00:15:36
2026-08-31 15:12:52 | INFO    | steamreq.discovery | [DISCOVERY] 3D                     | pag 0240/0536 | 11,351 app_ids | 44.8% | decorrido 00:15:57
2026-08-31 15:13:11 | INFO    | steamreq.discovery | [DISCOVERY] 3D                     | pag 0245/0536 | 11,539 app_ids | 45.8% | decorrido 00:16:16
2026-08-31 15:13:31 | INFO    | steamreq.discovery | [DISCOVERY] 3D                     | pag 0250/0536 | 11,734 app_ids | 46.7% | decorrido 00:16:37
2026-08-31 15:13:51 | INFO    | steamreq.discovery | [DISCOVERY] 3D                     | pag 0255/0536 | 11,954 app_ids | 47.6% | decorrido 00:16:56
2026-08-31 15:14:11 | INFO    | steamreq.discovery | [DISCOVERY] 3D                     | pag 0260/0536 | 12,157 app_ids | 48.6% | decorrido 00:17:16
2026-08-31 15:14:31 | INFO    | steamreq.discovery | [DISCOVERY] 3D                     | pag 0265/0536 | 12,387 app_ids | 49.5% | decorrido 00:17:36
2026-08-31 15:14:51 | INFO    | steamreq.discovery | [DISCOVERY] 3D                     | pag 0270/0536 | 12,583 app_ids | 50.4% | decorrido 00:17:56
2026-08-31 15:15:11 | INFO    | steamreq.discovery | [DISCOVERY] 3D                     | pag 0275/0536 | 12,715 app_ids | 51.4% | decorrido 00:18:16
2026-08-31 15:15:31 | INFO    | steamreq.discovery | [DISCOVERY] 3D                     | pag 0280/0536 | 12,883 app_ids | 52.3% | decorrido 00:18:36
2026-08-31 15:15:51 | INFO    | steamreq.discovery | [DISCOVERY] 3D                     | pag 0285/0536 | 13,099 app_ids | 53.2% | decorrido 00:18:56
2026-08-31 15:16:11 | INFO    | steamreq.discovery | [DISCOVERY] 3D                     | pag 0290/0536 | 13,326 app_ids | 54.2% | decorrido 00:19:16
2026-08-31 15:16:31 | INFO    | steamreq.discovery | [DISCOVERY] 3D                     | pag 0295/0536 | 13,562 app_ids | 55.1% | decorrido 00:19:36
2026-08-31 15:16:51 | INFO    | steamreq.discovery | [DISCOVERY] 3D                     | pag 0300/0536 | 13,763 app_ids | 56.0% | decorrido 00:19:56
2026-08-31 15:17:11 | INFO    | steamreq.discovery | [DISCOVERY] 3D                     | pag 0305/0536 | 13,913 app_ids | 57.0% | decorrido 00:20:16
2026-08-31 15:17:31 | INFO    | steamreq.discovery | [DISCOVERY] 3D                     | pag 0310/0536 | 14,101 app_ids | 57.9% | decorrido 00:20:36
2026-08-31 15:17:51 | INFO    | steamreq.discovery | [DISCOVERY] 3D                     | pag 0315/0536 | 14,262 app_ids | 58.9% | decorrido 00:20:56
2026-08-31 15:18:11 | INFO    | steamreq.discovery | [DISCOVERY] 3D                     | pag 0320/0536 | 14,413 app_ids | 59.8% | decorrido 00:21:16
2026-08-31 15:18:31 | INFO    | steamreq.discovery | [DISCOVERY] 3D                     | pag 0325/0536 | 14,623 app_ids | 60.7% | decorrido 00:21:36
2026-08-31 15:18:51 | INFO    | steamreq.discovery | [DISCOVERY] 3D                     | pag 0330/0536 | 14,847 app_ids | 61.7% | decorrido 00:21:56
2026-08-31 15:19:11 | INFO    | steamreq.discovery | [DISCOVERY] 3D                     | pag 0335/0536 | 15,063 app_ids | 62.6% | decorrido 00:22:17
2026-08-31 15:19:31 | INFO    | steamreq.discovery | [DISCOVERY] 3D                     | pag 0340/0536 | 15,294 app_ids | 63.5% | decorrido 00:22:36
2026-08-31 15:19:51 | INFO    | steamreq.discovery | [DISCOVERY] 3D                     | pag 0345/0536 | 15,500 app_ids | 64.5% | decorrido 00:22:56
2026-08-31 15:20:11 | INFO    | steamreq.discovery | [DISCOVERY] 3D                     | pag 0350/0536 | 15,694 app_ids | 65.4% | decorrido 00:23:16
2026-08-31 15:20:31 | INFO    | steamreq.discovery | [DISCOVERY] 3D                     | pag 0355/0536 | 15,876 app_ids | 66.3% | decorrido 00:23:36
2026-08-31 15:20:51 | INFO    | steamreq.discovery | [DISCOVERY] 3D                     | pag 0360/0536 | 16,047 app_ids | 67.3% | decorrido 00:23:56
2026-08-31 15:21:11 | INFO    | steamreq.discovery | [DISCOVERY] 3D                     | pag 0365/0536 | 16,233 app_ids | 68.2% | decorrido 00:24:16
2026-08-31 15:21:31 | INFO    | steamreq.discovery | [DISCOVERY] 3D                     | pag 0370/0536 | 16,340 app_ids | 69.1% | decorrido 00:24:36
2026-08-31 15:21:51 | INFO    | steamreq.discovery | [DISCOVERY] 3D                     | pag 0375/0536 | 16,532 app_ids | 70.1% | decorrido 00:24:56
2026-08-31 15:22:11 | INFO    | steamreq.discovery | [DISCOVERY] 3D                     | pag 0380/0536 | 16,664 app_ids | 71.0% | decorrido 00:25:16
2026-08-31 15:22:31 | INFO    | steamreq.discovery | [DISCOVERY] 3D                     | pag 0385/0536 | 16,821 app_ids | 71.9% | decorrido 00:25:36
2026-08-31 15:22:51 | INFO    | steamreq.discovery | [DISCOVERY] 3D                     | pag 0390/0536 | 17,012 app_ids | 72.9% | decorrido 00:25:56
2026-08-31 15:23:11 | INFO    | steamreq.discovery | [DISCOVERY] 3D                     | pag 0395/0536 | 17,253 app_ids | 73.8% | decorrido 00:26:16
2026-08-31 15:23:31 | INFO    | steamreq.discovery | [DISCOVERY] 3D                     | pag 0400/0536 | 17,476 app_ids | 74.7% | decorrido 00:26:36
2026-08-31 15:23:51 | INFO    | steamreq.discovery | [DISCOVERY] 3D                     | pag 0405/0536 | 17,688 app_ids | 75.7% | decorrido 00:26:56
2026-08-31 15:24:11 | INFO    | steamreq.discovery | [DISCOVERY] 3D                     | pag 0410/0536 | 17,892 app_ids | 76.6% | decorrido 00:27:16
2026-08-31 15:24:31 | INFO    | steamreq.discovery | [DISCOVERY] 3D                     | pag 0415/0536 | 18,085 app_ids | 77.5% | decorrido 00:27:36
2026-08-31 15:24:51 | INFO    | steamreq.discovery | [DISCOVERY] 3D                     | pag 0420/0536 | 18,258 app_ids | 78.5% | decorrido 00:27:56
2026-08-31 15:25:16 | INFO    | steamreq.discovery | [DISCOVERY] 3D                     | pag 0425/0536 | 18,454 app_ids | 79.4% | decorrido 00:28:21
2026-08-31 15:25:32 | INFO    | steamreq.discovery | [DISCOVERY] 3D                     | pag 0430/0536 | 18,603 app_ids | 80.3% | decorrido 00:28:38
2026-08-31 15:25:52 | INFO    | steamreq.discovery | [DISCOVERY] 3D                     | pag 0435/0536 | 18,748 app_ids | 81.3% | decorrido 00:28:58
2026-08-31 15:26:12 | INFO    | steamreq.discovery | [DISCOVERY] 3D                     | pag 0440/0536 | 18,923 app_ids | 82.2% | decorrido 00:29:18
2026-08-31 15:26:32 | INFO    | steamreq.discovery | [DISCOVERY] 3D                     | pag 0445/0536 | 19,080 app_ids | 83.1% | decorrido 00:29:38
2026-08-31 15:26:52 | INFO    | steamreq.discovery | [DISCOVERY] 3D                     | pag 0450/0536 | 19,295 app_ids | 84.1% | decorrido 00:29:58
2026-08-31 15:27:13 | INFO    | steamreq.discovery | [DISCOVERY] 3D                     | pag 0455/0536 | 19,532 app_ids | 85.0% | decorrido 00:30:18
2026-08-31 15:27:32 | INFO    | steamreq.discovery | [DISCOVERY] 3D                     | pag 0460/0536 | 19,757 app_ids | 85.9% | decorrido 00:30:38
2026-08-31 15:27:52 | INFO    | steamreq.discovery | [DISCOVERY] 3D                     | pag 0465/0536 | 19,967 app_ids | 86.9% | decorrido 00:30:58
2026-08-31 15:28:12 | INFO    | steamreq.discovery | [DISCOVERY] 3D                     | pag 0470/0536 | 20,136 app_ids | 87.8% | decorrido 00:31:18
2026-08-31 15:28:32 | INFO    | steamreq.discovery | [DISCOVERY] 3D                     | pag 0475/0536 | 20,298 app_ids | 88.7% | decorrido 00:31:38
2026-08-31 15:28:52 | INFO    | steamreq.discovery | [DISCOVERY] 3D                     | pag 0480/0536 | 20,438 app_ids | 89.7% | decorrido 00:31:58
2026-08-31 15:29:13 | INFO    | steamreq.discovery | [DISCOVERY] 3D                     | pag 0485/0536 | 20,673 app_ids | 90.6% | decorrido 00:32:18
2026-08-31 15:29:33 | INFO    | steamreq.discovery | [DISCOVERY] 3D                     | pag 0490/0536 | 20,908 app_ids | 91.5% | decorrido 00:32:38
2026-08-31 15:29:53 | INFO    | steamreq.discovery | [DISCOVERY] 3D                     | pag 0495/0536 | 21,064 app_ids | 92.5% | decorrido 00:32:58
2026-08-31 15:30:12 | INFO    | steamreq.discovery | [DISCOVERY] 3D                     | pag 0500/0536 | 21,239 app_ids | 93.4% | decorrido 00:33:18
2026-08-31 15:30:33 | INFO    | steamreq.discovery | [DISCOVERY] 3D                     | pag 0505/0536 | 21,469 app_ids | 94.4% | decorrido 00:33:38
2026-08-31 15:30:52 | INFO    | steamreq.discovery | [DISCOVERY] 3D                     | pag 0510/0536 | 21,684 app_ids | 95.3% | decorrido 00:33:58
2026-08-31 15:31:12 | INFO    | steamreq.discovery | [DISCOVERY] 3D                     | pag 0515/0536 | 21,855 app_ids | 96.2% | decorrido 00:34:18
2026-08-31 15:31:32 | INFO    | steamreq.discovery | [DISCOVERY] 3D                     | pag 0520/0536 | 22,102 app_ids | 97.2% | decorrido 00:34:38
2026-08-31 15:31:52 | INFO    | steamreq.discovery | [DISCOVERY] 3D                     | pag 0525/0536 | 22,300 app_ids | 98.1% | decorrido 00:34:58
2026-08-31 15:32:12 | INFO    | steamreq.discovery | [DISCOVERY] 3D                     | pag 0530/0536 | 22,533 app_ids | 99.0% | decorrido 00:35:18
2026-08-31 15:32:33 | INFO    | steamreq.discovery | [DISCOVERY] 3D                     | pag 0535/0536 | 22,782 app_ids | 100.0% | decorrido 00:35:38
2026-08-31 15:32:36 | INFO    | steamreq.discovery | [DISCOVERY] 3D                     | pag 0536/0536 | 22,794 app_ids | 100.0% | decorrido 00:35:42
2026-08-31 15:32:36 | WARNING | steamreq.discovery | [DISCOVERY] 3D                     | cobertura 85.2% (22,794 distintos de 26,762 declarados)
2026-08-31 15:32:36 | WARNING | steamreq.discovery | [DISCOVERY] cobertura abaixo de 95%%: a ordenacao do endpoint pode ter sido instavel entre paginas. Reexecutar `discover --no-resume` tende a recuperar itens faltantes, pois a uniao e cumulativa.
2026-08-31 15:32:36 | INFO    | steamreq.discovery | [DISCOVERY] 3D                     | +22,794 novos | uniao=22,794
2026-08-31 15:32:36 | INFO    | steamreq.discovery | [DISCOVERY] --- tag 2/24: First-Person ---
2026-08-31 15:32:40 | INFO    | steamreq.discovery | [DISCOVERY] tag First-Person (3839) untags=Indie(492) -> total_count=15,110
2026-08-31 15:32:56 | INFO    | steamreq.discovery | [DISCOVERY] First-Person           | pag 0005/0303 | 22,966 app_ids | 1.7% | decorrido 00:36:02
2026-08-31 15:33:16 | INFO    | steamreq.discovery | [DISCOVERY] First-Person           | pag 0010/0303 | 23,117 app_ids | 3.3% | decorrido 00:36:22
2026-08-31 15:33:36 | INFO    | steamreq.discovery | [DISCOVERY] First-Person           | pag 0015/0303 | 23,253 app_ids | 5.0% | decorrido 00:36:42
2026-08-31 15:33:56 | INFO    | steamreq.discovery | [DISCOVERY] First-Person           | pag 0020/0303 | 23,373 app_ids | 6.6% | decorrido 00:37:02
2026-08-31 15:34:16 | INFO    | steamreq.discovery | [DISCOVERY] First-Person           | pag 0025/0303 | 23,492 app_ids | 8.3% | decorrido 00:37:22
2026-08-31 15:34:36 | INFO    | steamreq.discovery | [DISCOVERY] First-Person           | pag 0030/0303 | 23,616 app_ids | 9.9% | decorrido 00:37:42
2026-08-31 15:34:56 | INFO    | steamreq.discovery | [DISCOVERY] First-Person           | pag 0035/0303 | 23,735 app_ids | 11.6% | decorrido 00:38:02
2026-08-31 15:35:16 | INFO    | steamreq.discovery | [DISCOVERY] First-Person           | pag 0040/0303 | 23,845 app_ids | 13.2% | decorrido 00:38:22
2026-08-31 15:35:37 | INFO    | steamreq.discovery | [DISCOVERY] First-Person           | pag 0045/0303 | 23,947 app_ids | 14.9% | decorrido 00:38:42
2026-08-31 15:35:57 | INFO    | steamreq.discovery | [DISCOVERY] First-Person           | pag 0050/0303 | 24,046 app_ids | 16.5% | decorrido 00:39:02
2026-08-31 15:36:16 | INFO    | steamreq.discovery | [DISCOVERY] First-Person           | pag 0055/0303 | 24,134 app_ids | 18.2% | decorrido 00:39:22
2026-08-31 15:36:37 | INFO    | steamreq.discovery | [DISCOVERY] First-Person           | pag 0060/0303 | 24,232 app_ids | 19.9% | decorrido 00:39:42
2026-08-31 15:36:57 | INFO    | steamreq.discovery | [DISCOVERY] First-Person           | pag 0065/0303 | 24,326 app_ids | 21.5% | decorrido 00:40:02
2026-08-31 15:37:17 | INFO    | steamreq.discovery | [DISCOVERY] First-Person           | pag 0070/0303 | 24,413 app_ids | 23.2% | decorrido 00:40:22
2026-08-31 15:37:37 | INFO    | steamreq.discovery | [DISCOVERY] First-Person           | pag 0075/0303 | 24,506 app_ids | 24.8% | decorrido 00:40:42
2026-08-31 15:37:56 | INFO    | steamreq.discovery | [DISCOVERY] First-Person           | pag 0080/0303 | 24,588 app_ids | 26.5% | decorrido 00:41:02
2026-08-31 15:38:16 | INFO    | steamreq.discovery | [DISCOVERY] First-Person           | pag 0085/0303 | 24,679 app_ids | 28.1% | decorrido 00:41:22
2026-08-31 15:38:37 | INFO    | steamreq.discovery | [DISCOVERY] First-Person           | pag 0090/0303 | 24,767 app_ids | 29.8% | decorrido 00:41:42
2026-08-31 15:38:56 | INFO    | steamreq.discovery | [DISCOVERY] First-Person           | pag 0095/0303 | 24,857 app_ids | 31.4% | decorrido 00:42:02
2026-08-31 15:39:16 | INFO    | steamreq.discovery | [DISCOVERY] First-Person           | pag 0100/0303 | 24,953 app_ids | 33.1% | decorrido 00:42:22
2026-08-31 15:39:37 | INFO    | steamreq.discovery | [DISCOVERY] First-Person           | pag 0105/0303 | 25,029 app_ids | 34.7% | decorrido 00:42:42
2026-08-31 15:39:57 | INFO    | steamreq.discovery | [DISCOVERY] First-Person           | pag 0110/0303 | 25,108 app_ids | 36.4% | decorrido 00:43:02
2026-08-31 15:40:16 | INFO    | steamreq.discovery | [DISCOVERY] First-Person           | pag 0115/0303 | 25,215 app_ids | 38.1% | decorrido 00:43:22
2026-08-31 15:40:37 | INFO    | steamreq.discovery | [DISCOVERY] First-Person           | pag 0120/0303 | 25,314 app_ids | 39.7% | decorrido 00:43:42
2026-08-31 15:40:57 | INFO    | steamreq.discovery | [DISCOVERY] First-Person           | pag 0125/0303 | 25,413 app_ids | 41.4% | decorrido 00:44:02
2026-08-31 15:41:17 | INFO    | steamreq.discovery | [DISCOVERY] First-Person           | pag 0130/0303 | 25,515 app_ids | 43.0% | decorrido 00:44:22
2026-08-31 15:41:37 | INFO    | steamreq.discovery | [DISCOVERY] First-Person           | pag 0135/0303 | 25,613 app_ids | 44.7% | decorrido 00:44:42
2026-08-31 15:41:57 | INFO    | steamreq.discovery | [DISCOVERY] First-Person           | pag 0140/0303 | 25,707 app_ids | 46.3% | decorrido 00:45:02
2026-08-31 15:42:17 | INFO    | steamreq.discovery | [DISCOVERY] First-Person           | pag 0145/0303 | 25,812 app_ids | 48.0% | decorrido 00:45:22
2026-08-31 15:42:37 | INFO    | steamreq.discovery | [DISCOVERY] First-Person           | pag 0150/0303 | 25,902 app_ids | 49.6% | decorrido 00:45:42
2026-08-31 15:42:57 | INFO    | steamreq.discovery | [DISCOVERY] First-Person           | pag 0155/0303 | 25,978 app_ids | 51.3% | decorrido 00:46:02
2026-08-31 15:43:17 | INFO    | steamreq.discovery | [DISCOVERY] First-Person           | pag 0160/0303 | 26,069 app_ids | 52.9% | decorrido 00:46:22
2026-08-31 15:43:37 | INFO    | steamreq.discovery | [DISCOVERY] First-Person           | pag 0165/0303 | 26,153 app_ids | 54.6% | decorrido 00:46:42
2026-08-31 15:43:57 | INFO    | steamreq.discovery | [DISCOVERY] First-Person           | pag 0170/0303 | 26,218 app_ids | 56.3% | decorrido 00:47:02
2026-08-31 15:44:17 | INFO    | steamreq.discovery | [DISCOVERY] First-Person           | pag 0175/0303 | 26,320 app_ids | 57.9% | decorrido 00:47:22
2026-08-31 15:44:37 | INFO    | steamreq.discovery | [DISCOVERY] First-Person           | pag 0180/0303 | 26,421 app_ids | 59.6% | decorrido 00:47:42
2026-08-31 15:44:57 | INFO    | steamreq.discovery | [DISCOVERY] First-Person           | pag 0185/0303 | 26,513 app_ids | 61.2% | decorrido 00:48:02
2026-08-31 15:45:17 | INFO    | steamreq.discovery | [DISCOVERY] First-Person           | pag 0190/0303 | 26,590 app_ids | 62.9% | decorrido 00:48:22
2026-08-31 15:45:37 | INFO    | steamreq.discovery | [DISCOVERY] First-Person           | pag 0195/0303 | 26,661 app_ids | 64.5% | decorrido 00:48:42
2026-08-31 15:45:57 | INFO    | steamreq.discovery | [DISCOVERY] First-Person           | pag 0200/0303 | 26,726 app_ids | 66.2% | decorrido 00:49:02
2026-08-31 15:46:17 | INFO    | steamreq.discovery | [DISCOVERY] First-Person           | pag 0205/0303 | 26,811 app_ids | 67.8% | decorrido 00:49:22
2026-08-31 15:46:37 | INFO    | steamreq.discovery | [DISCOVERY] First-Person           | pag 0210/0303 | 26,903 app_ids | 69.5% | decorrido 00:49:42
2026-08-31 15:46:57 | INFO    | steamreq.discovery | [DISCOVERY] First-Person           | pag 0215/0303 | 26,963 app_ids | 71.1% | decorrido 00:50:02
2026-08-31 15:47:17 | INFO    | steamreq.discovery | [DISCOVERY] First-Person           | pag 0220/0303 | 27,075 app_ids | 72.8% | decorrido 00:50:22
2026-08-31 15:47:37 | INFO    | steamreq.discovery | [DISCOVERY] First-Person           | pag 0225/0303 | 27,148 app_ids | 74.5% | decorrido 00:50:42
2026-08-31 15:47:57 | INFO    | steamreq.discovery | [DISCOVERY] First-Person           | pag 0230/0303 | 27,206 app_ids | 76.1% | decorrido 00:51:02
2026-08-31 15:48:17 | INFO    | steamreq.discovery | [DISCOVERY] First-Person           | pag 0235/0303 | 27,286 app_ids | 77.8% | decorrido 00:51:22
2026-08-31 15:48:37 | INFO    | steamreq.discovery | [DISCOVERY] First-Person           | pag 0240/0303 | 27,375 app_ids | 79.4% | decorrido 00:51:42
2026-08-31 15:48:57 | INFO    | steamreq.discovery | [DISCOVERY] First-Person           | pag 0245/0303 | 27,439 app_ids | 81.1% | decorrido 00:52:02
2026-08-31 15:49:17 | INFO    | steamreq.discovery | [DISCOVERY] First-Person           | pag 0250/0303 | 27,524 app_ids | 82.7% | decorrido 00:52:22
2026-08-31 15:49:37 | INFO    | steamreq.discovery | [DISCOVERY] First-Person           | pag 0255/0303 | 27,591 app_ids | 84.4% | decorrido 00:52:42
2026-08-31 15:49:57 | INFO    | steamreq.discovery | [DISCOVERY] First-Person           | pag 0260/0303 | 27,677 app_ids | 86.0% | decorrido 00:53:02
2026-08-31 15:50:17 | INFO    | steamreq.discovery | [DISCOVERY] First-Person           | pag 0265/0303 | 27,750 app_ids | 87.7% | decorrido 00:53:22
2026-08-31 15:50:37 | INFO    | steamreq.discovery | [DISCOVERY] First-Person           | pag 0270/0303 | 27,829 app_ids | 89.3% | decorrido 00:53:42
2026-08-31 15:50:57 | INFO    | steamreq.discovery | [DISCOVERY] First-Person           | pag 0275/0303 | 27,924 app_ids | 91.0% | decorrido 00:54:02
2026-08-31 15:51:17 | INFO    | steamreq.discovery | [DISCOVERY] First-Person           | pag 0280/0303 | 28,011 app_ids | 92.7% | decorrido 00:54:22
2026-08-31 15:51:37 | INFO    | steamreq.discovery | [DISCOVERY] First-Person           | pag 0285/0303 | 28,085 app_ids | 94.3% | decorrido 00:54:42
2026-08-31 15:51:57 | INFO    | steamreq.discovery | [DISCOVERY] First-Person           | pag 0290/0303 | 28,169 app_ids | 96.0% | decorrido 00:55:02
2026-08-31 15:52:17 | INFO    | steamreq.discovery | [DISCOVERY] First-Person           | pag 0295/0303 | 28,273 app_ids | 97.6% | decorrido 00:55:22
2026-08-31 15:52:37 | INFO    | steamreq.discovery | [DISCOVERY] First-Person           | pag 0300/0303 | 28,355 app_ids | 99.3% | decorrido 00:55:42
2026-08-31 15:52:49 | INFO    | steamreq.discovery | [DISCOVERY] First-Person           | pag 0303/0303 | 28,400 app_ids | 100.0% | decorrido 00:55:54
2026-08-31 15:52:49 | WARNING | steamreq.discovery | [DISCOVERY] First-Person           | cobertura 87.2% (13,179 distintos de 15,110 declarados)
2026-08-31 15:52:49 | WARNING | steamreq.discovery | [DISCOVERY] cobertura abaixo de 95%%: a ordenacao do endpoint pode ter sido instavel entre paginas. Reexecutar `discover --no-resume` tende a recuperar itens faltantes, pois a uniao e cumulativa.
2026-08-31 15:52:49 | INFO    | steamreq.discovery | [DISCOVERY] First-Person           | +5,606 novos | uniao=28,400
2026-08-31 15:52:49 | INFO    | steamreq.discovery | [DISCOVERY] --- tag 3/24: Third Person ---
2026-08-31 15:52:53 | INFO    | steamreq.discovery | [DISCOVERY] tag Third Person (1697) untags=Indie(492) -> total_count=10,923
2026-08-31 15:53:09 | INFO    | steamreq.discovery | [DISCOVERY] Third Person           | pag 0005/0219 | 28,532 app_ids | 2.3% | decorrido 00:56:14
2026-08-31 15:53:29 | INFO    | steamreq.discovery | [DISCOVERY] Third Person           | pag 0010/0219 | 28,652 app_ids | 4.6% | decorrido 00:56:34
2026-08-31 15:53:49 | INFO    | steamreq.discovery | [DISCOVERY] Third Person           | pag 0015/0219 | 28,777 app_ids | 6.9% | decorrido 00:56:54
2026-08-31 15:54:09 | INFO    | steamreq.discovery | [DISCOVERY] Third Person           | pag 0020/0219 | 28,884 app_ids | 9.2% | decorrido 00:57:14
2026-08-31 15:54:29 | INFO    | steamreq.discovery | [DISCOVERY] Third Person           | pag 0025/0219 | 28,976 app_ids | 11.4% | decorrido 00:57:34
2026-08-31 15:54:49 | INFO    | steamreq.discovery | [DISCOVERY] Third Person           | pag 0030/0219 | 29,065 app_ids | 13.7% | decorrido 00:57:54
2026-08-31 15:55:09 | INFO    | steamreq.discovery | [DISCOVERY] Third Person           | pag 0035/0219 | 29,141 app_ids | 16.0% | decorrido 00:58:14
2026-08-31 15:55:29 | INFO    | steamreq.discovery | [DISCOVERY] Third Person           | pag 0040/0219 | 29,213 app_ids | 18.3% | decorrido 00:58:34
2026-08-31 15:55:49 | INFO    | steamreq.discovery | [DISCOVERY] Third Person           | pag 0045/0219 | 29,274 app_ids | 20.6% | decorrido 00:58:54
2026-08-31 15:56:09 | INFO    | steamreq.discovery | [DISCOVERY] Third Person           | pag 0050/0219 | 29,346 app_ids | 22.9% | decorrido 00:59:14
2026-08-31 15:56:29 | INFO    | steamreq.discovery | [DISCOVERY] Third Person           | pag 0055/0219 | 29,422 app_ids | 25.2% | decorrido 00:59:34
2026-08-31 15:56:49 | INFO    | steamreq.discovery | [DISCOVERY] Third Person           | pag 0060/0219 | 29,505 app_ids | 27.5% | decorrido 00:59:54
2026-08-31 15:57:09 | INFO    | steamreq.discovery | [DISCOVERY] Third Person           | pag 0065/0219 | 29,572 app_ids | 29.8% | decorrido 01:00:14
2026-08-31 15:57:29 | INFO    | steamreq.discovery | [DISCOVERY] Third Person           | pag 0070/0219 | 29,652 app_ids | 32.0% | decorrido 01:00:34
2026-08-31 15:57:49 | INFO    | steamreq.discovery | [DISCOVERY] Third Person           | pag 0075/0219 | 29,709 app_ids | 34.3% | decorrido 01:00:54
2026-08-31 15:58:09 | INFO    | steamreq.discovery | [DISCOVERY] Third Person           | pag 0080/0219 | 29,786 app_ids | 36.6% | decorrido 01:01:14
2026-08-31 15:58:29 | INFO    | steamreq.discovery | [DISCOVERY] Third Person           | pag 0085/0219 | 29,842 app_ids | 38.9% | decorrido 01:01:34
2026-08-31 15:58:49 | INFO    | steamreq.discovery | [DISCOVERY] Third Person           | pag 0090/0219 | 29,929 app_ids | 41.2% | decorrido 01:01:54
2026-08-31 15:59:09 | INFO    | steamreq.discovery | [DISCOVERY] Third Person           | pag 0095/0219 | 30,007 app_ids | 43.5% | decorrido 01:02:14
2026-08-31 15:59:29 | INFO    | steamreq.discovery | [DISCOVERY] Third Person           | pag 0100/0219 | 30,085 app_ids | 45.8% | decorrido 01:02:34
2026-08-31 15:59:49 | INFO    | steamreq.discovery | [DISCOVERY] Third Person           | pag 0105/0219 | 30,160 app_ids | 48.1% | decorrido 01:02:54
2026-08-31 16:00:09 | INFO    | steamreq.discovery | [DISCOVERY] Third Person           | pag 0110/0219 | 30,251 app_ids | 50.4% | decorrido 01:03:14
2026-08-31 16:00:29 | INFO    | steamreq.discovery | [DISCOVERY] Third Person           | pag 0115/0219 | 30,328 app_ids | 52.6% | decorrido 01:03:34
2026-08-31 16:00:49 | INFO    | steamreq.discovery | [DISCOVERY] Third Person           | pag 0120/0219 | 30,383 app_ids | 54.9% | decorrido 01:03:54
2026-08-31 16:01:09 | INFO    | steamreq.discovery | [DISCOVERY] Third Person           | pag 0125/0219 | 30,469 app_ids | 57.2% | decorrido 01:04:14
2026-08-31 16:01:29 | INFO    | steamreq.discovery | [DISCOVERY] Third Person           | pag 0130/0219 | 30,550 app_ids | 59.5% | decorrido 01:04:34
2026-08-31 16:01:49 | INFO    | steamreq.discovery | [DISCOVERY] Third Person           | pag 0135/0219 | 30,623 app_ids | 61.8% | decorrido 01:04:54
2026-08-31 16:02:09 | INFO    | steamreq.discovery | [DISCOVERY] Third Person           | pag 0140/0219 | 30,694 app_ids | 64.1% | decorrido 01:05:14
2026-08-31 16:02:29 | INFO    | steamreq.discovery | [DISCOVERY] Third Person           | pag 0145/0219 | 30,734 app_ids | 66.4% | decorrido 01:05:34
2026-08-31 16:02:49 | INFO    | steamreq.discovery | [DISCOVERY] Third Person           | pag 0150/0219 | 30,794 app_ids | 68.7% | decorrido 01:05:54
2026-08-31 16:03:09 | INFO    | steamreq.discovery | [DISCOVERY] Third Person           | pag 0155/0219 | 30,879 app_ids | 71.0% | decorrido 01:06:14
2026-08-31 16:03:29 | INFO    | steamreq.discovery | [DISCOVERY] Third Person           | pag 0160/0219 | 30,951 app_ids | 73.2% | decorrido 01:06:34
2026-08-31 16:03:49 | INFO    | steamreq.discovery | [DISCOVERY] Third Person           | pag 0165/0219 | 31,001 app_ids | 75.5% | decorrido 01:06:54
2026-08-31 16:04:09 | INFO    | steamreq.discovery | [DISCOVERY] Third Person           | pag 0170/0219 | 31,055 app_ids | 77.8% | decorrido 01:07:14
2026-08-31 16:04:29 | INFO    | steamreq.discovery | [DISCOVERY] Third Person           | pag 0175/0219 | 31,116 app_ids | 80.1% | decorrido 01:07:34
2026-08-31 16:04:49 | INFO    | steamreq.discovery | [DISCOVERY] Third Person           | pag 0180/0219 | 31,174 app_ids | 82.4% | decorrido 01:07:54
2026-08-31 16:05:09 | INFO    | steamreq.discovery | [DISCOVERY] Third Person           | pag 0185/0219 | 31,263 app_ids | 84.7% | decorrido 01:08:14
2026-08-31 16:05:29 | INFO    | steamreq.discovery | [DISCOVERY] Third Person           | pag 0190/0219 | 31,323 app_ids | 87.0% | decorrido 01:08:34
2026-08-31 16:05:49 | INFO    | steamreq.discovery | [DISCOVERY] Third Person           | pag 0195/0219 | 31,384 app_ids | 89.3% | decorrido 01:08:54
2026-08-31 16:06:09 | INFO    | steamreq.discovery | [DISCOVERY] Third Person           | pag 0200/0219 | 31,466 app_ids | 91.5% | decorrido 01:09:14
2026-08-31 16:06:29 | INFO    | steamreq.discovery | [DISCOVERY] Third Person           | pag 0205/0219 | 31,552 app_ids | 93.8% | decorrido 01:09:34
2026-08-31 16:06:49 | INFO    | steamreq.discovery | [DISCOVERY] Third Person           | pag 0210/0219 | 31,626 app_ids | 96.1% | decorrido 01:09:54
2026-08-31 16:07:09 | INFO    | steamreq.discovery | [DISCOVERY] Third Person           | pag 0215/0219 | 31,696 app_ids | 98.4% | decorrido 01:10:14
2026-08-31 16:07:25 | INFO    | steamreq.discovery | [DISCOVERY] Third Person           | pag 0219/0219 | 31,756 app_ids | 100.0% | decorrido 01:10:30
2026-08-31 16:07:25 | WARNING | steamreq.discovery | [DISCOVERY] Third Person           | cobertura 86.4% (9,438 distintos de 10,923 declarados)
2026-08-31 16:07:25 | WARNING | steamreq.discovery | [DISCOVERY] cobertura abaixo de 95%%: a ordenacao do endpoint pode ter sido instavel entre paginas. Reexecutar `discover --no-resume` tende a recuperar itens faltantes, pois a uniao e cumulativa.
2026-08-31 16:07:25 | INFO    | steamreq.discovery | [DISCOVERY] Third Person           | +3,356 novos | uniao=31,756
2026-08-31 16:07:25 | INFO    | steamreq.discovery | [DISCOVERY] --- tag 4/24: Third-Person Shooter ---
2026-08-31 16:07:29 | INFO    | steamreq.discovery | [DISCOVERY] tag Third-Person Shooter (3814) untags=Indie(492) -> total_count=2,992
2026-08-31 16:07:45 | INFO    | steamreq.discovery | [DISCOVERY] Third-Person Shooter   | pag 0005/0060 | 31,777 app_ids | 8.4% | decorrido 01:10:50
2026-08-31 16:08:05 | INFO    | steamreq.discovery | [DISCOVERY] Third-Person Shooter   | pag 0010/0060 | 31,805 app_ids | 16.7% | decorrido 01:11:10
2026-08-31 16:08:25 | INFO    | steamreq.discovery | [DISCOVERY] Third-Person Shooter   | pag 0015/0060 | 31,827 app_ids | 25.1% | decorrido 01:11:30
2026-08-31 16:08:45 | INFO    | steamreq.discovery | [DISCOVERY] Third-Person Shooter   | pag 0020/0060 | 31,854 app_ids | 33.4% | decorrido 01:11:50
2026-08-31 16:09:05 | INFO    | steamreq.discovery | [DISCOVERY] Third-Person Shooter   | pag 0025/0060 | 31,880 app_ids | 41.8% | decorrido 01:12:10
2026-08-31 16:09:25 | INFO    | steamreq.discovery | [DISCOVERY] Third-Person Shooter   | pag 0030/0060 | 31,913 app_ids | 50.1% | decorrido 01:12:30
2026-08-31 16:09:45 | INFO    | steamreq.discovery | [DISCOVERY] Third-Person Shooter   | pag 0035/0060 | 31,952 app_ids | 58.5% | decorrido 01:12:50
2026-08-31 16:10:05 | INFO    | steamreq.discovery | [DISCOVERY] Third-Person Shooter   | pag 0040/0060 | 31,985 app_ids | 66.8% | decorrido 01:13:10
2026-08-31 16:10:25 | INFO    | steamreq.discovery | [DISCOVERY] Third-Person Shooter   | pag 0045/0060 | 32,022 app_ids | 75.2% | decorrido 01:13:30
2026-08-31 16:10:45 | INFO    | steamreq.discovery | [DISCOVERY] Third-Person Shooter   | pag 0050/0060 | 32,070 app_ids | 83.6% | decorrido 01:13:50
2026-08-31 16:11:05 | INFO    | steamreq.discovery | [DISCOVERY] Third-Person Shooter   | pag 0055/0060 | 32,117 app_ids | 91.9% | decorrido 01:14:10
2026-08-31 16:11:25 | INFO    | steamreq.discovery | [DISCOVERY] Third-Person Shooter   | pag 0060/0060 | 32,164 app_ids | 100.0% | decorrido 01:14:30
2026-08-31 16:11:25 | WARNING | steamreq.discovery | [DISCOVERY] Third-Person Shooter   | cobertura 90.7% (2,715 distintos de 2,992 declarados)
2026-08-31 16:11:25 | WARNING | steamreq.discovery | [DISCOVERY] cobertura abaixo de 95%%: a ordenacao do endpoint pode ter sido instavel entre paginas. Reexecutar `discover --no-resume` tende a recuperar itens faltantes, pois a uniao e cumulativa.
2026-08-31 16:11:25 | INFO    | steamreq.discovery | [DISCOVERY] Third-Person Shooter   | +408 novos | uniao=32,164
2026-08-31 16:11:25 | INFO    | steamreq.discovery | [DISCOVERY] --- tag 5/24: FPS ---
2026-08-31 16:11:29 | INFO    | steamreq.discovery | [DISCOVERY] tag FPS (1663) untags=Indie(492) -> total_count=6,197
2026-08-31 16:11:45 | INFO    | steamreq.discovery | [DISCOVERY] FPS                    | pag 0005/0124 | 32,177 app_ids | 4.0% | decorrido 01:14:50
2026-08-31 16:12:05 | INFO    | steamreq.discovery | [DISCOVERY] FPS                    | pag 0010/0124 | 32,191 app_ids | 8.1% | decorrido 01:15:10
2026-08-31 16:12:25 | INFO    | steamreq.discovery | [DISCOVERY] FPS                    | pag 0015/0124 | 32,216 app_ids | 12.1% | decorrido 01:15:30
2026-08-31 16:12:45 | INFO    | steamreq.discovery | [DISCOVERY] FPS                    | pag 0020/0124 | 32,241 app_ids | 16.1% | decorrido 01:15:50
2026-08-31 16:13:05 | INFO    | steamreq.discovery | [DISCOVERY] FPS                    | pag 0025/0124 | 32,268 app_ids | 20.2% | decorrido 01:16:10
2026-08-31 16:13:25 | INFO    | steamreq.discovery | [DISCOVERY] FPS                    | pag 0030/0124 | 32,289 app_ids | 24.2% | decorrido 01:16:30
2026-08-31 16:13:45 | INFO    | steamreq.discovery | [DISCOVERY] FPS                    | pag 0035/0124 | 32,314 app_ids | 28.2% | decorrido 01:16:50
2026-08-31 16:14:05 | INFO    | steamreq.discovery | [DISCOVERY] FPS                    | pag 0040/0124 | 32,338 app_ids | 32.3% | decorrido 01:17:10
2026-08-31 16:14:25 | INFO    | steamreq.discovery | [DISCOVERY] FPS                    | pag 0045/0124 | 32,370 app_ids | 36.3% | decorrido 01:17:30
2026-08-31 16:14:45 | INFO    | steamreq.discovery | [DISCOVERY] FPS                    | pag 0050/0124 | 32,423 app_ids | 40.3% | decorrido 01:17:50
2026-08-31 16:15:05 | INFO    | steamreq.discovery | [DISCOVERY] FPS                    | pag 0055/0124 | 32,451 app_ids | 44.4% | decorrido 01:18:10
2026-08-31 16:15:25 | INFO    | steamreq.discovery | [DISCOVERY] FPS                    | pag 0060/0124 | 32,476 app_ids | 48.4% | decorrido 01:18:30
2026-08-31 16:15:45 | INFO    | steamreq.discovery | [DISCOVERY] FPS                    | pag 0065/0124 | 32,510 app_ids | 52.4% | decorrido 01:18:50
2026-08-31 16:16:05 | INFO    | steamreq.discovery | [DISCOVERY] FPS                    | pag 0070/0124 | 32,544 app_ids | 56.5% | decorrido 01:19:10
2026-08-31 16:16:25 | INFO    | steamreq.discovery | [DISCOVERY] FPS                    | pag 0075/0124 | 32,577 app_ids | 60.5% | decorrido 01:19:30
2026-08-31 16:16:45 | INFO    | steamreq.discovery | [DISCOVERY] FPS                    | pag 0080/0124 | 32,603 app_ids | 64.5% | decorrido 01:19:50
2026-08-31 16:17:05 | INFO    | steamreq.discovery | [DISCOVERY] FPS                    | pag 0085/0124 | 32,641 app_ids | 68.6% | decorrido 01:20:10
2026-08-31 16:17:25 | INFO    | steamreq.discovery | [DISCOVERY] FPS                    | pag 0090/0124 | 32,660 app_ids | 72.6% | decorrido 01:20:30
2026-08-31 16:17:45 | INFO    | steamreq.discovery | [DISCOVERY] FPS                    | pag 0095/0124 | 32,696 app_ids | 76.6% | decorrido 01:20:50
2026-08-31 16:18:05 | INFO    | steamreq.discovery | [DISCOVERY] FPS                    | pag 0100/0124 | 32,724 app_ids | 80.7% | decorrido 01:21:10
2026-08-31 16:18:25 | INFO    | steamreq.discovery | [DISCOVERY] FPS                    | pag 0105/0124 | 32,758 app_ids | 84.7% | decorrido 01:21:30
2026-08-31 16:18:45 | INFO    | steamreq.discovery | [DISCOVERY] FPS                    | pag 0110/0124 | 32,789 app_ids | 88.8% | decorrido 01:21:50
2026-08-31 16:19:05 | INFO    | steamreq.discovery | [DISCOVERY] FPS                    | pag 0115/0124 | 32,822 app_ids | 92.8% | decorrido 01:22:10
2026-08-31 16:19:25 | INFO    | steamreq.discovery | [DISCOVERY] FPS                    | pag 0120/0124 | 32,869 app_ids | 96.8% | decorrido 01:22:30
2026-08-31 16:19:41 | INFO    | steamreq.discovery | [DISCOVERY] FPS                    | pag 0124/0124 | 32,902 app_ids | 100.0% | decorrido 01:22:46
2026-08-31 16:19:41 | WARNING | steamreq.discovery | [DISCOVERY] FPS                    | cobertura 90.6% (5,613 distintos de 6,197 declarados)
2026-08-31 16:19:41 | WARNING | steamreq.discovery | [DISCOVERY] cobertura abaixo de 95%%: a ordenacao do endpoint pode ter sido instavel entre paginas. Reexecutar `discover --no-resume` tende a recuperar itens faltantes, pois a uniao e cumulativa.
2026-08-31 16:19:41 | INFO    | steamreq.discovery | [DISCOVERY] FPS                    | +738 novos | uniao=32,902
2026-08-31 16:19:41 | INFO    | steamreq.discovery | [DISCOVERY] --- tag 6/24: 3D Platformer ---
2026-08-31 16:19:45 | INFO    | steamreq.discovery | [DISCOVERY] tag 3D Platformer (5395) untags=Indie(492) -> total_count=4,907
2026-08-31 16:20:01 | INFO    | steamreq.discovery | [DISCOVERY] 3D Platformer          | pag 0005/0099 | 32,929 app_ids | 5.1% | decorrido 01:23:06
2026-08-31 16:20:21 | INFO    | steamreq.discovery | [DISCOVERY] 3D Platformer          | pag 0010/0099 | 32,957 app_ids | 10.2% | decorrido 01:23:26
2026-08-31 16:20:41 | INFO    | steamreq.discovery | [DISCOVERY] 3D Platformer          | pag 0015/0099 | 32,987 app_ids | 15.3% | decorrido 01:23:46
2026-08-31 16:21:01 | INFO    | steamreq.discovery | [DISCOVERY] 3D Platformer          | pag 0020/0099 | 33,009 app_ids | 20.4% | decorrido 01:24:06
2026-08-31 16:21:21 | INFO    | steamreq.discovery | [DISCOVERY] 3D Platformer          | pag 0025/0099 | 33,057 app_ids | 25.5% | decorrido 01:24:26
2026-08-31 16:21:41 | INFO    | steamreq.discovery | [DISCOVERY] 3D Platformer          | pag 0030/0099 | 33,123 app_ids | 30.6% | decorrido 01:24:46
2026-08-31 16:22:01 | INFO    | steamreq.discovery | [DISCOVERY] 3D Platformer          | pag 0035/0099 | 33,156 app_ids | 35.7% | decorrido 01:25:06
2026-08-31 16:22:21 | INFO    | steamreq.discovery | [DISCOVERY] 3D Platformer          | pag 0040/0099 | 33,179 app_ids | 40.8% | decorrido 01:25:26
2026-08-31 16:22:41 | INFO    | steamreq.discovery | [DISCOVERY] 3D Platformer          | pag 0045/0099 | 33,214 app_ids | 45.9% | decorrido 01:25:46
2026-08-31 16:23:01 | INFO    | steamreq.discovery | [DISCOVERY] 3D Platformer          | pag 0050/0099 | 33,245 app_ids | 50.9% | decorrido 01:26:06
2026-08-31 16:23:21 | INFO    | steamreq.discovery | [DISCOVERY] 3D Platformer          | pag 0055/0099 | 33,290 app_ids | 56.0% | decorrido 01:26:26
2026-08-31 16:23:41 | INFO    | steamreq.discovery | [DISCOVERY] 3D Platformer          | pag 0060/0099 | 33,318 app_ids | 61.1% | decorrido 01:26:46
2026-08-31 16:24:01 | INFO    | steamreq.discovery | [DISCOVERY] 3D Platformer          | pag 0065/0099 | 33,349 app_ids | 66.2% | decorrido 01:27:06
2026-08-31 16:24:21 | INFO    | steamreq.discovery | [DISCOVERY] 3D Platformer          | pag 0070/0099 | 33,386 app_ids | 71.3% | decorrido 01:27:26
2026-08-31 16:24:41 | INFO    | steamreq.discovery | [DISCOVERY] 3D Platformer          | pag 0075/0099 | 33,418 app_ids | 76.4% | decorrido 01:27:46
2026-08-31 16:25:01 | INFO    | steamreq.discovery | [DISCOVERY] 3D Platformer          | pag 0080/0099 | 33,456 app_ids | 81.5% | decorrido 01:28:06
2026-08-31 16:25:21 | INFO    | steamreq.discovery | [DISCOVERY] 3D Platformer          | pag 0085/0099 | 33,488 app_ids | 86.6% | decorrido 01:28:26
2026-08-31 16:25:41 | INFO    | steamreq.discovery | [DISCOVERY] 3D Platformer          | pag 0090/0099 | 33,535 app_ids | 91.7% | decorrido 01:28:46
2026-08-31 16:26:01 | INFO    | steamreq.discovery | [DISCOVERY] 3D Platformer          | pag 0095/0099 | 33,591 app_ids | 96.8% | decorrido 01:29:06
2026-08-31 16:26:17 | INFO    | steamreq.discovery | [DISCOVERY] 3D Platformer          | pag 0099/0099 | 33,627 app_ids | 100.0% | decorrido 01:29:22
2026-08-31 16:26:17 | WARNING | steamreq.discovery | [DISCOVERY] 3D Platformer          | cobertura 91.0% (4,463 distintos de 4,907 declarados)
2026-08-31 16:26:17 | WARNING | steamreq.discovery | [DISCOVERY] cobertura abaixo de 95%%: a ordenacao do endpoint pode ter sido instavel entre paginas. Reexecutar `discover --no-resume` tende a recuperar itens faltantes, pois a uniao e cumulativa.
2026-08-31 16:26:17 | INFO    | steamreq.discovery | [DISCOVERY] 3D Platformer          | +725 novos | uniao=33,627
2026-08-31 16:26:17 | INFO    | steamreq.discovery | [DISCOVERY] --- tag 7/24: 3D Fighter ---
2026-08-31 16:26:21 | INFO    | steamreq.discovery | [DISCOVERY] tag 3D Fighter (6506) untags=Indie(492) -> total_count=1,320
2026-08-31 16:26:37 | INFO    | steamreq.discovery | [DISCOVERY] 3D Fighter             | pag 0005/0027 | 33,660 app_ids | 18.9% | decorrido 01:29:42
2026-08-31 16:26:57 | INFO    | steamreq.discovery | [DISCOVERY] 3D Fighter             | pag 0010/0027 | 33,680 app_ids | 37.9% | decorrido 01:30:02
2026-08-31 16:27:17 | INFO    | steamreq.discovery | [DISCOVERY] 3D Fighter             | pag 0015/0027 | 33,711 app_ids | 56.8% | decorrido 01:30:22
2026-08-31 16:27:37 | INFO    | steamreq.discovery | [DISCOVERY] 3D Fighter             | pag 0020/0027 | 33,737 app_ids | 75.8% | decorrido 01:30:42
2026-08-31 16:27:57 | INFO    | steamreq.discovery | [DISCOVERY] 3D Fighter             | pag 0025/0027 | 33,770 app_ids | 94.7% | decorrido 01:31:02
2026-08-31 16:28:05 | INFO    | steamreq.discovery | [DISCOVERY] 3D Fighter             | pag 0027/0027 | 33,790 app_ids | 100.0% | decorrido 01:31:10
2026-08-31 16:28:05 | INFO    | steamreq.discovery | [DISCOVERY] 3D Fighter             | cobertura 95.3% (1,258 distintos de 1,320 declarados)
2026-08-31 16:28:05 | INFO    | steamreq.discovery | [DISCOVERY] 3D Fighter             | +163 novos | uniao=33,790
2026-08-31 16:28:05 | INFO    | steamreq.discovery | [DISCOVERY] --- tag 8/24: Immersive Sim ---
2026-08-31 16:28:09 | INFO    | steamreq.discovery | [DISCOVERY] tag Immersive Sim (9204) untags=Indie(492) -> total_count=5,821
2026-08-31 16:28:25 | INFO    | steamreq.discovery | [DISCOVERY] Immersive Sim          | pag 0005/0117 | 33,835 app_ids | 4.3% | decorrido 01:31:30
2026-08-31 16:28:45 | INFO    | steamreq.discovery | [DISCOVERY] Immersive Sim          | pag 0010/0117 | 33,894 app_ids | 8.6% | decorrido 01:31:50
2026-08-31 16:29:05 | INFO    | steamreq.discovery | [DISCOVERY] Immersive Sim          | pag 0015/0117 | 33,977 app_ids | 12.9% | decorrido 01:32:10
2026-08-31 16:29:25 | INFO    | steamreq.discovery | [DISCOVERY] Immersive Sim          | pag 0020/0117 | 34,047 app_ids | 17.2% | decorrido 01:32:30
2026-08-31 16:29:45 | INFO    | steamreq.discovery | [DISCOVERY] Immersive Sim          | pag 0025/0117 | 34,119 app_ids | 21.5% | decorrido 01:32:50
2026-08-31 16:30:05 | INFO    | steamreq.discovery | [DISCOVERY] Immersive Sim          | pag 0030/0117 | 34,209 app_ids | 25.8% | decorrido 01:33:10
2026-08-31 16:30:25 | INFO    | steamreq.discovery | [DISCOVERY] Immersive Sim          | pag 0035/0117 | 34,287 app_ids | 30.1% | decorrido 01:33:30
2026-08-31 16:30:45 | INFO    | steamreq.discovery | [DISCOVERY] Immersive Sim          | pag 0040/0117 | 34,345 app_ids | 34.4% | decorrido 01:33:50
2026-08-31 16:31:05 | INFO    | steamreq.discovery | [DISCOVERY] Immersive Sim          | pag 0045/0117 | 34,418 app_ids | 38.7% | decorrido 01:34:10
2026-08-31 16:31:25 | INFO    | steamreq.discovery | [DISCOVERY] Immersive Sim          | pag 0050/0117 | 34,494 app_ids | 42.9% | decorrido 01:34:30
2026-08-31 16:31:45 | INFO    | steamreq.discovery | [DISCOVERY] Immersive Sim          | pag 0055/0117 | 34,555 app_ids | 47.2% | decorrido 01:34:50
2026-08-31 16:32:05 | INFO    | steamreq.discovery | [DISCOVERY] Immersive Sim          | pag 0060/0117 | 34,638 app_ids | 51.5% | decorrido 01:35:10
2026-08-31 16:32:25 | INFO    | steamreq.discovery | [DISCOVERY] Immersive Sim          | pag 0065/0117 | 34,690 app_ids | 55.8% | decorrido 01:35:30
2026-08-31 16:32:45 | INFO    | steamreq.discovery | [DISCOVERY] Immersive Sim          | pag 0070/0117 | 34,764 app_ids | 60.1% | decorrido 01:35:50
2026-08-31 16:33:05 | INFO    | steamreq.discovery | [DISCOVERY] Immersive Sim          | pag 0075/0117 | 34,832 app_ids | 64.4% | decorrido 01:36:11
2026-08-31 16:33:25 | INFO    | steamreq.discovery | [DISCOVERY] Immersive Sim          | pag 0080/0117 | 34,902 app_ids | 68.7% | decorrido 01:36:30
2026-08-31 16:33:45 | INFO    | steamreq.discovery | [DISCOVERY] Immersive Sim          | pag 0085/0117 | 34,969 app_ids | 73.0% | decorrido 01:36:50
2026-08-31 16:34:05 | INFO    | steamreq.discovery | [DISCOVERY] Immersive Sim          | pag 0090/0117 | 35,033 app_ids | 77.3% | decorrido 01:37:10
2026-08-31 16:34:25 | INFO    | steamreq.discovery | [DISCOVERY] Immersive Sim          | pag 0095/0117 | 35,094 app_ids | 81.6% | decorrido 01:37:30
2026-08-31 16:34:45 | INFO    | steamreq.discovery | [DISCOVERY] Immersive Sim          | pag 0100/0117 | 35,174 app_ids | 85.9% | decorrido 01:37:50
2026-08-31 16:35:05 | INFO    | steamreq.discovery | [DISCOVERY] Immersive Sim          | pag 0105/0117 | 35,245 app_ids | 90.2% | decorrido 01:38:10
2026-08-31 16:35:25 | INFO    | steamreq.discovery | [DISCOVERY] Immersive Sim          | pag 0110/0117 | 35,317 app_ids | 94.5% | decorrido 01:38:30
2026-08-31 16:35:45 | INFO    | steamreq.discovery | [DISCOVERY] Immersive Sim          | pag 0115/0117 | 35,405 app_ids | 98.8% | decorrido 01:38:50
2026-08-31 16:35:53 | INFO    | steamreq.discovery | [DISCOVERY] Immersive Sim          | pag 0117/0117 | 35,443 app_ids | 100.0% | decorrido 01:38:58
2026-08-31 16:35:53 | WARNING | steamreq.discovery | [DISCOVERY] Immersive Sim          | cobertura 90.1% (5,244 distintos de 5,821 declarados)
2026-08-31 16:35:53 | WARNING | steamreq.discovery | [DISCOVERY] cobertura abaixo de 95%%: a ordenacao do endpoint pode ter sido instavel entre paginas. Reexecutar `discover --no-resume` tende a recuperar itens faltantes, pois a uniao e cumulativa.
2026-08-31 16:35:53 | INFO    | steamreq.discovery | [DISCOVERY] Immersive Sim          | +1,653 novos | uniao=35,443
2026-08-31 16:35:53 | INFO    | steamreq.discovery | [DISCOVERY] --- tag 9/24: Walking Simulator ---
2026-08-31 16:35:57 | INFO    | steamreq.discovery | [DISCOVERY] tag Walking Simulator (5900) untags=Indie(492) -> total_count=3,335
2026-08-31 16:36:13 | INFO    | steamreq.discovery | [DISCOVERY] Walking Simulator      | pag 0005/0067 | 35,474 app_ids | 7.5% | decorrido 01:39:18
2026-08-31 16:36:33 | INFO    | steamreq.discovery | [DISCOVERY] Walking Simulator      | pag 0010/0067 | 35,514 app_ids | 15.0% | decorrido 01:39:38
2026-08-31 16:36:53 | INFO    | steamreq.discovery | [DISCOVERY] Walking Simulator      | pag 0015/0067 | 35,552 app_ids | 22.5% | decorrido 01:39:58
2026-08-31 16:37:13 | INFO    | steamreq.discovery | [DISCOVERY] Walking Simulator      | pag 0020/0067 | 35,598 app_ids | 30.0% | decorrido 01:40:18
2026-08-31 16:37:33 | INFO    | steamreq.discovery | [DISCOVERY] Walking Simulator      | pag 0025/0067 | 35,624 app_ids | 37.5% | decorrido 01:40:38
2026-08-31 16:37:53 | INFO    | steamreq.discovery | [DISCOVERY] Walking Simulator      | pag 0030/0067 | 35,661 app_ids | 45.0% | decorrido 01:40:58
2026-08-31 16:38:13 | INFO    | steamreq.discovery | [DISCOVERY] Walking Simulator      | pag 0035/0067 | 35,699 app_ids | 52.5% | decorrido 01:41:18
2026-08-31 16:38:33 | INFO    | steamreq.discovery | [DISCOVERY] Walking Simulator      | pag 0040/0067 | 35,741 app_ids | 60.0% | decorrido 01:41:38
2026-08-31 16:38:53 | INFO    | steamreq.discovery | [DISCOVERY] Walking Simulator      | pag 0045/0067 | 35,770 app_ids | 67.5% | decorrido 01:41:58
2026-08-31 16:39:13 | INFO    | steamreq.discovery | [DISCOVERY] Walking Simulator      | pag 0050/0067 | 35,802 app_ids | 75.0% | decorrido 01:42:18
2026-08-31 16:39:33 | INFO    | steamreq.discovery | [DISCOVERY] Walking Simulator      | pag 0055/0067 | 35,843 app_ids | 82.5% | decorrido 01:42:38
2026-08-31 16:39:53 | INFO    | steamreq.discovery | [DISCOVERY] Walking Simulator      | pag 0060/0067 | 35,875 app_ids | 90.0% | decorrido 01:42:58
2026-08-31 16:40:13 | INFO    | steamreq.discovery | [DISCOVERY] Walking Simulator      | pag 0065/0067 | 35,929 app_ids | 97.5% | decorrido 01:43:18
2026-08-31 16:40:21 | INFO    | steamreq.discovery | [DISCOVERY] Walking Simulator      | pag 0067/0067 | 35,945 app_ids | 100.0% | decorrido 01:43:26
2026-08-31 16:40:21 | WARNING | steamreq.discovery | [DISCOVERY] Walking Simulator      | cobertura 92.9% (3,099 distintos de 3,335 declarados)
2026-08-31 16:40:21 | WARNING | steamreq.discovery | [DISCOVERY] cobertura abaixo de 95%%: a ordenacao do endpoint pode ter sido instavel entre paginas. Reexecutar `discover --no-resume` tende a recuperar itens faltantes, pois a uniao e cumulativa.
2026-08-31 16:40:21 | INFO    | steamreq.discovery | [DISCOVERY] Walking Simulator      | +502 novos | uniao=35,945
2026-08-31 16:40:21 | INFO    | steamreq.discovery | [DISCOVERY] --- tag 10/24: Automobile Sim ---
2026-08-31 16:40:25 | INFO    | steamreq.discovery | [DISCOVERY] tag Automobile Sim (1100687) untags=Indie(492) -> total_count=1,259
2026-08-31 16:40:41 | INFO    | steamreq.discovery | [DISCOVERY] Automobile Sim         | pag 0005/0026 | 36,015 app_ids | 19.9% | decorrido 01:43:46
2026-08-31 16:41:01 | INFO    | steamreq.discovery | [DISCOVERY] Automobile Sim         | pag 0010/0026 | 36,071 app_ids | 39.7% | decorrido 01:44:06
2026-08-31 16:41:21 | INFO    | steamreq.discovery | [DISCOVERY] Automobile Sim         | pag 0015/0026 | 36,111 app_ids | 59.6% | decorrido 01:44:26
2026-08-31 16:41:41 | INFO    | steamreq.discovery | [DISCOVERY] Automobile Sim         | pag 0020/0026 | 36,164 app_ids | 79.4% | decorrido 01:44:46
2026-08-31 16:42:01 | INFO    | steamreq.discovery | [DISCOVERY] Automobile Sim         | pag 0025/0026 | 36,214 app_ids | 99.3% | decorrido 01:45:06
2026-08-31 16:42:05 | INFO    | steamreq.discovery | [DISCOVERY] Automobile Sim         | pag 0026/0026 | 36,217 app_ids | 100.0% | decorrido 01:45:10
2026-08-31 16:42:05 | INFO    | steamreq.discovery | [DISCOVERY] Automobile Sim         | cobertura 97.9% (1,232 distintos de 1,259 declarados)
2026-08-31 16:42:05 | INFO    | steamreq.discovery | [DISCOVERY] Automobile Sim         | +272 novos | uniao=36,217
2026-08-31 16:42:05 | INFO    | steamreq.discovery | [DISCOVERY] --- tag 11/24: Flight ---
2026-08-31 16:42:09 | INFO    | steamreq.discovery | [DISCOVERY] tag Flight (15045) untags=Indie(492) -> total_count=1,636
2026-08-31 16:42:25 | INFO    | steamreq.discovery | [DISCOVERY] Flight                 | pag 0005/0033 | 36,302 app_ids | 15.3% | decorrido 01:45:30
2026-08-31 16:42:45 | INFO    | steamreq.discovery | [DISCOVERY] Flight                 | pag 0010/0033 | 36,381 app_ids | 30.6% | decorrido 01:45:50
2026-08-31 16:43:05 | INFO    | steamreq.discovery | [DISCOVERY] Flight                 | pag 0015/0033 | 36,452 app_ids | 45.8% | decorrido 01:46:10
2026-08-31 16:43:25 | INFO    | steamreq.discovery | [DISCOVERY] Flight                 | pag 0020/0033 | 36,520 app_ids | 61.1% | decorrido 01:46:30
2026-08-31 16:43:45 | INFO    | steamreq.discovery | [DISCOVERY] Flight                 | pag 0025/0033 | 36,591 app_ids | 76.4% | decorrido 01:46:50
2026-08-31 16:44:05 | INFO    | steamreq.discovery | [DISCOVERY] Flight                 | pag 0030/0033 | 36,667 app_ids | 91.7% | decorrido 01:47:10
2026-08-31 16:44:17 | INFO    | steamreq.discovery | [DISCOVERY] Flight                 | pag 0033/0033 | 36,717 app_ids | 100.0% | decorrido 01:47:22
2026-08-31 16:44:17 | INFO    | steamreq.discovery | [DISCOVERY] Flight                 | cobertura 95.5% (1,563 distintos de 1,636 declarados)
2026-08-31 16:44:17 | INFO    | steamreq.discovery | [DISCOVERY] Flight                 | +500 novos | uniao=36,717
2026-08-31 16:44:17 | INFO    | steamreq.discovery | [DISCOVERY] --- tag 12/24: Space Sim ---
2026-08-31 16:44:21 | INFO    | steamreq.discovery | [DISCOVERY] tag Space Sim (16598) untags=Indie(492) -> total_count=1,195
2026-08-31 16:44:37 | INFO    | steamreq.discovery | [DISCOVERY] Space Sim              | pag 0005/0024 | 36,791 app_ids | 20.9% | decorrido 01:47:42
2026-08-31 16:44:57 | INFO    | steamreq.discovery | [DISCOVERY] Space Sim              | pag 0010/0024 | 36,869 app_ids | 41.8% | decorrido 01:48:02
2026-08-31 16:45:17 | INFO    | steamreq.discovery | [DISCOVERY] Space Sim              | pag 0015/0024 | 36,947 app_ids | 62.8% | decorrido 01:48:22
2026-08-31 16:45:37 | INFO    | steamreq.discovery | [DISCOVERY] Space Sim              | pag 0020/0024 | 37,006 app_ids | 83.7% | decorrido 01:48:42
2026-08-31 16:45:53 | INFO    | steamreq.discovery | [DISCOVERY] Space Sim              | pag 0024/0024 | 37,085 app_ids | 100.0% | decorrido 01:48:58
2026-08-31 16:45:53 | INFO    | steamreq.discovery | [DISCOVERY] Space Sim              | cobertura 97.5% (1,165 distintos de 1,195 declarados)
2026-08-31 16:45:53 | INFO    | steamreq.discovery | [DISCOVERY] Space Sim              | +368 novos | uniao=37,085
2026-08-31 16:45:53 | INFO    | steamreq.discovery | [DISCOVERY] --- tag 13/24: Looter Shooter ---
2026-08-31 16:45:57 | INFO    | steamreq.discovery | [DISCOVERY] tag Looter Shooter (353880) untags=Indie(492) -> total_count=1,111
2026-08-31 16:46:13 | INFO    | steamreq.discovery | [DISCOVERY] Looter Shooter         | pag 0005/0023 | 37,148 app_ids | 22.5% | decorrido 01:49:18
2026-08-31 16:46:33 | INFO    | steamreq.discovery | [DISCOVERY] Looter Shooter         | pag 0010/0023 | 37,211 app_ids | 45.0% | decorrido 01:49:38
2026-08-31 16:46:53 | INFO    | steamreq.discovery | [DISCOVERY] Looter Shooter         | pag 0015/0023 | 37,281 app_ids | 67.5% | decorrido 01:49:58
2026-08-31 16:47:13 | INFO    | steamreq.discovery | [DISCOVERY] Looter Shooter         | pag 0020/0023 | 37,338 app_ids | 90.0% | decorrido 01:50:18
2026-08-31 16:47:25 | INFO    | steamreq.discovery | [DISCOVERY] Looter Shooter         | pag 0023/0023 | 37,361 app_ids | 100.0% | decorrido 01:50:30
2026-08-31 16:47:25 | WARNING | steamreq.discovery | [DISCOVERY] Looter Shooter         | cobertura 93.5% (1,039 distintos de 1,111 declarados)
2026-08-31 16:47:25 | WARNING | steamreq.discovery | [DISCOVERY] cobertura abaixo de 95%%: a ordenacao do endpoint pode ter sido instavel entre paginas. Reexecutar `discover --no-resume` tende a recuperar itens faltantes, pois a uniao e cumulativa.
2026-08-31 16:47:25 | INFO    | steamreq.discovery | [DISCOVERY] Looter Shooter         | +276 novos | uniao=37,361
2026-08-31 16:47:25 | INFO    | steamreq.discovery | [DISCOVERY] --- tag 14/24: Hero Shooter ---
2026-08-31 16:47:29 | INFO    | steamreq.discovery | [DISCOVERY] tag Hero Shooter (620519) untags=Indie(492) -> total_count=932
2026-08-31 16:47:45 | INFO    | steamreq.discovery | [DISCOVERY] Hero Shooter           | pag 0005/0019 | 37,415 app_ids | 26.8% | decorrido 01:50:50
2026-08-31 16:48:05 | INFO    | steamreq.discovery | [DISCOVERY] Hero Shooter           | pag 0010/0019 | 37,463 app_ids | 53.6% | decorrido 01:51:10
2026-08-31 16:48:25 | INFO    | steamreq.discovery | [DISCOVERY] Hero Shooter           | pag 0015/0019 | 37,500 app_ids | 80.5% | decorrido 01:51:31
2026-08-31 16:48:41 | INFO    | steamreq.discovery | [DISCOVERY] Hero Shooter           | pag 0019/0019 | 37,544 app_ids | 100.0% | decorrido 01:51:46
2026-08-31 16:48:41 | INFO    | steamreq.discovery | [DISCOVERY] Hero Shooter           | cobertura 97.4% (908 distintos de 932 declarados)
2026-08-31 16:48:41 | INFO    | steamreq.discovery | [DISCOVERY] Hero Shooter           | +183 novos | uniao=37,544
2026-08-31 16:48:41 | INFO    | steamreq.discovery | [DISCOVERY] --- tag 15/24: Arena Shooter ---
2026-08-31 16:48:45 | INFO    | steamreq.discovery | [DISCOVERY] tag Arena Shooter (5547) untags=Indie(492) -> total_count=2,471
2026-08-31 16:49:01 | INFO    | steamreq.discovery | [DISCOVERY] Arena Shooter          | pag 0005/0050 | 37,609 app_ids | 10.1% | decorrido 01:52:06
2026-08-31 16:49:21 | INFO    | steamreq.discovery | [DISCOVERY] Arena Shooter          | pag 0010/0050 | 37,686 app_ids | 20.2% | decorrido 01:52:26
2026-08-31 16:49:41 | INFO    | steamreq.discovery | [DISCOVERY] Arena Shooter          | pag 0015/0050 | 37,745 app_ids | 30.4% | decorrido 01:52:46
2026-08-31 16:50:01 | INFO    | steamreq.discovery | [DISCOVERY] Arena Shooter          | pag 0020/0050 | 37,811 app_ids | 40.5% | decorrido 01:53:07
2026-08-31 16:50:21 | INFO    | steamreq.discovery | [DISCOVERY] Arena Shooter          | pag 0025/0050 | 37,888 app_ids | 50.6% | decorrido 01:53:26
2026-08-31 16:50:41 | INFO    | steamreq.discovery | [DISCOVERY] Arena Shooter          | pag 0030/0050 | 37,960 app_ids | 60.7% | decorrido 01:53:46
2026-08-31 16:51:01 | INFO    | steamreq.discovery | [DISCOVERY] Arena Shooter          | pag 0035/0050 | 38,043 app_ids | 70.8% | decorrido 01:54:06
2026-08-31 16:51:21 | INFO    | steamreq.discovery | [DISCOVERY] Arena Shooter          | pag 0040/0050 | 38,099 app_ids | 80.9% | decorrido 01:54:26
2026-08-31 16:51:41 | INFO    | steamreq.discovery | [DISCOVERY] Arena Shooter          | pag 0045/0050 | 38,150 app_ids | 91.1% | decorrido 01:54:47
2026-08-31 16:52:01 | INFO    | steamreq.discovery | [DISCOVERY] Arena Shooter          | pag 0050/0050 | 38,202 app_ids | 100.0% | decorrido 01:55:06
2026-08-31 16:52:01 | WARNING | steamreq.discovery | [DISCOVERY] Arena Shooter          | cobertura 93.2% (2,304 distintos de 2,472 declarados)
2026-08-31 16:52:01 | WARNING | steamreq.discovery | [DISCOVERY] cobertura abaixo de 95%%: a ordenacao do endpoint pode ter sido instavel entre paginas. Reexecutar `discover --no-resume` tende a recuperar itens faltantes, pois a uniao e cumulativa.
2026-08-31 16:52:01 | INFO    | steamreq.discovery | [DISCOVERY] Arena Shooter          | +658 novos | uniao=38,202
2026-08-31 16:52:01 | INFO    | steamreq.discovery | [DISCOVERY] --- tag 16/24: Rail Shooter ---
2026-08-31 16:52:05 | INFO    | steamreq.discovery | [DISCOVERY] tag Rail Shooter (3954) untags=Indie(492) -> total_count=0
2026-08-31 16:52:05 | WARNING | steamreq.discovery | [DISCOVERY] tag Rail Shooter (3954) nao retornou nenhum jogo; nao contribui com candidatos
2026-08-31 16:52:05 | INFO    | steamreq.discovery | [DISCOVERY] Rail Shooter           | +0 novos | uniao=38,202
2026-08-31 16:52:05 | INFO    | steamreq.discovery | [DISCOVERY] --- tag 17/24: Open World ---
2026-08-31 16:52:09 | INFO    | steamreq.discovery | [DISCOVERY] tag Open World (1695) untags=Indie(492) -> total_count=8,011
2026-08-31 16:52:25 | INFO    | steamreq.discovery | [DISCOVERY] Open World             | pag 0005/0161 | 38,240 app_ids | 3.1% | decorrido 01:55:30
2026-08-31 16:52:45 | INFO    | steamreq.discovery | [DISCOVERY] Open World             | pag 0010/0161 | 38,295 app_ids | 6.2% | decorrido 01:55:50
2026-08-31 16:53:05 | INFO    | steamreq.discovery | [DISCOVERY] Open World             | pag 0015/0161 | 38,353 app_ids | 9.4% | decorrido 01:56:10
2026-08-31 16:53:25 | INFO    | steamreq.discovery | [DISCOVERY] Open World             | pag 0020/0161 | 38,420 app_ids | 12.5% | decorrido 01:56:30
2026-08-31 16:53:45 | INFO    | steamreq.discovery | [DISCOVERY] Open World             | pag 0025/0161 | 38,486 app_ids | 15.6% | decorrido 01:56:50
2026-08-31 16:54:05 | INFO    | steamreq.discovery | [DISCOVERY] Open World             | pag 0030/0161 | 38,558 app_ids | 18.7% | decorrido 01:57:10
2026-08-31 16:54:25 | INFO    | steamreq.discovery | [DISCOVERY] Open World             | pag 0035/0161 | 38,628 app_ids | 21.8% | decorrido 01:57:30
2026-08-31 16:54:45 | INFO    | steamreq.discovery | [DISCOVERY] Open World             | pag 0040/0161 | 38,704 app_ids | 25.0% | decorrido 01:57:50
2026-08-31 16:55:05 | INFO    | steamreq.discovery | [DISCOVERY] Open World             | pag 0045/0161 | 38,780 app_ids | 28.1% | decorrido 01:58:10
2026-08-31 16:55:25 | INFO    | steamreq.discovery | [DISCOVERY] Open World             | pag 0050/0161 | 38,844 app_ids | 31.2% | decorrido 01:58:30
2026-08-31 16:55:45 | INFO    | steamreq.discovery | [DISCOVERY] Open World             | pag 0055/0161 | 38,901 app_ids | 34.3% | decorrido 01:58:50
2026-08-31 16:56:05 | INFO    | steamreq.discovery | [DISCOVERY] Open World             | pag 0060/0161 | 38,969 app_ids | 37.4% | decorrido 01:59:10
2026-08-31 16:56:25 | INFO    | steamreq.discovery | [DISCOVERY] Open World             | pag 0065/0161 | 39,033 app_ids | 40.6% | decorrido 01:59:30
2026-08-31 16:56:45 | INFO    | steamreq.discovery | [DISCOVERY] Open World             | pag 0070/0161 | 39,089 app_ids | 43.7% | decorrido 01:59:50
2026-08-31 16:57:05 | INFO    | steamreq.discovery | [DISCOVERY] Open World             | pag 0075/0161 | 39,136 app_ids | 46.8% | decorrido 02:00:11
2026-08-31 16:57:25 | INFO    | steamreq.discovery | [DISCOVERY] Open World             | pag 0080/0161 | 39,184 app_ids | 49.9% | decorrido 02:00:30
2026-08-31 16:57:45 | INFO    | steamreq.discovery | [DISCOVERY] Open World             | pag 0085/0161 | 39,257 app_ids | 53.1% | decorrido 02:00:50
2026-08-31 16:58:05 | INFO    | steamreq.discovery | [DISCOVERY] Open World             | pag 0090/0161 | 39,317 app_ids | 56.2% | decorrido 02:01:11
2026-08-31 16:58:25 | INFO    | steamreq.discovery | [DISCOVERY] Open World             | pag 0095/0161 | 39,377 app_ids | 59.3% | decorrido 02:01:31
2026-08-31 16:58:45 | INFO    | steamreq.discovery | [DISCOVERY] Open World             | pag 0100/0161 | 39,435 app_ids | 62.4% | decorrido 02:01:51
2026-08-31 16:59:05 | INFO    | steamreq.discovery | [DISCOVERY] Open World             | pag 0105/0161 | 39,496 app_ids | 65.5% | decorrido 02:02:11
2026-08-31 16:59:25 | INFO    | steamreq.discovery | [DISCOVERY] Open World             | pag 0110/0161 | 39,554 app_ids | 68.7% | decorrido 02:02:30
2026-08-31 16:59:45 | INFO    | steamreq.discovery | [DISCOVERY] Open World             | pag 0115/0161 | 39,613 app_ids | 71.8% | decorrido 02:02:50
2026-08-31 17:00:05 | INFO    | steamreq.discovery | [DISCOVERY] Open World             | pag 0120/0161 | 39,678 app_ids | 74.9% | decorrido 02:03:11
2026-08-31 17:00:25 | INFO    | steamreq.discovery | [DISCOVERY] Open World             | pag 0125/0161 | 39,741 app_ids | 78.0% | decorrido 02:03:31
2026-08-31 17:00:45 | INFO    | steamreq.discovery | [DISCOVERY] Open World             | pag 0130/0161 | 39,802 app_ids | 81.1% | decorrido 02:03:51
2026-08-31 17:01:05 | INFO    | steamreq.discovery | [DISCOVERY] Open World             | pag 0135/0161 | 39,863 app_ids | 84.2% | decorrido 02:04:11
2026-08-31 17:01:25 | INFO    | steamreq.discovery | [DISCOVERY] Open World             | pag 0140/0161 | 39,945 app_ids | 87.4% | decorrido 02:04:31
2026-08-31 17:01:45 | INFO    | steamreq.discovery | [DISCOVERY] Open World             | pag 0145/0161 | 39,999 app_ids | 90.5% | decorrido 02:04:50
2026-08-31 17:02:05 | INFO    | steamreq.discovery | [DISCOVERY] Open World             | pag 0150/0161 | 40,060 app_ids | 93.6% | decorrido 02:05:11
2026-08-31 17:02:25 | INFO    | steamreq.discovery | [DISCOVERY] Open World             | pag 0155/0161 | 40,120 app_ids | 96.7% | decorrido 02:05:30
2026-08-31 17:02:45 | INFO    | steamreq.discovery | [DISCOVERY] Open World             | pag 0160/0161 | 40,183 app_ids | 99.9% | decorrido 02:05:50
2026-08-31 17:02:49 | INFO    | steamreq.discovery | [DISCOVERY] Open World             | pag 0161/0161 | 40,186 app_ids | 100.0% | decorrido 02:05:54
2026-08-31 17:02:49 | WARNING | steamreq.discovery | [DISCOVERY] Open World             | cobertura 90.2% (7,228 distintos de 8,011 declarados)
2026-08-31 17:02:49 | WARNING | steamreq.discovery | [DISCOVERY] cobertura abaixo de 95%%: a ordenacao do endpoint pode ter sido instavel entre paginas. Reexecutar `discover --no-resume` tende a recuperar itens faltantes, pois a uniao e cumulativa.
2026-08-31 17:02:49 | INFO    | steamreq.discovery | [DISCOVERY] Open World             | +1,984 novos | uniao=40,186
2026-08-31 17:02:49 | INFO    | steamreq.discovery | [DISCOVERY] --- tag 18/24: Realistic ---
2026-08-31 17:02:53 | INFO    | steamreq.discovery | [DISCOVERY] tag Realistic (4175) untags=Indie(492) -> total_count=8,330
2026-08-31 17:03:09 | INFO    | steamreq.discovery | [DISCOVERY] Realistic              | pag 0005/0167 | 40,196 app_ids | 3.0% | decorrido 02:06:14
2026-08-31 17:03:29 | INFO    | steamreq.discovery | [DISCOVERY] Realistic              | pag 0010/0167 | 40,211 app_ids | 6.0% | decorrido 02:06:34
2026-08-31 17:03:49 | INFO    | steamreq.discovery | [DISCOVERY] Realistic              | pag 0015/0167 | 40,233 app_ids | 9.0% | decorrido 02:06:54
2026-08-31 17:04:09 | INFO    | steamreq.discovery | [DISCOVERY] Realistic              | pag 0020/0167 | 40,261 app_ids | 12.0% | decorrido 02:07:14
2026-08-31 17:04:30 | INFO    | steamreq.discovery | [DISCOVERY] Realistic              | pag 0025/0167 | 40,288 app_ids | 15.0% | decorrido 02:07:35
2026-08-31 17:04:49 | INFO    | steamreq.discovery | [DISCOVERY] Realistic              | pag 0030/0167 | 40,321 app_ids | 18.0% | decorrido 02:07:55
2026-08-31 17:05:09 | INFO    | steamreq.discovery | [DISCOVERY] Realistic              | pag 0035/0167 | 40,353 app_ids | 21.0% | decorrido 02:08:14
2026-08-31 17:05:29 | INFO    | steamreq.discovery | [DISCOVERY] Realistic              | pag 0040/0167 | 40,383 app_ids | 24.0% | decorrido 02:08:35
2026-08-31 17:05:49 | INFO    | steamreq.discovery | [DISCOVERY] Realistic              | pag 0045/0167 | 40,407 app_ids | 27.0% | decorrido 02:08:55
2026-08-31 17:06:09 | INFO    | steamreq.discovery | [DISCOVERY] Realistic              | pag 0050/0167 | 40,427 app_ids | 30.0% | decorrido 02:09:15
2026-08-31 17:06:29 | INFO    | steamreq.discovery | [DISCOVERY] Realistic              | pag 0055/0167 | 40,441 app_ids | 33.0% | decorrido 02:09:35
2026-08-31 17:06:49 | INFO    | steamreq.discovery | [DISCOVERY] Realistic              | pag 0060/0167 | 40,460 app_ids | 36.0% | decorrido 02:09:55
2026-08-31 17:07:09 | INFO    | steamreq.discovery | [DISCOVERY] Realistic              | pag 0065/0167 | 40,483 app_ids | 39.0% | decorrido 02:10:15
2026-08-31 17:07:29 | INFO    | steamreq.discovery | [DISCOVERY] Realistic              | pag 0070/0167 | 40,502 app_ids | 42.0% | decorrido 02:10:35
2026-08-31 17:07:49 | INFO    | steamreq.discovery | [DISCOVERY] Realistic              | pag 0075/0167 | 40,541 app_ids | 45.0% | decorrido 02:10:55
2026-08-31 17:08:09 | INFO    | steamreq.discovery | [DISCOVERY] Realistic              | pag 0080/0167 | 40,577 app_ids | 48.0% | decorrido 02:11:15
2026-08-31 17:08:29 | INFO    | steamreq.discovery | [DISCOVERY] Realistic              | pag 0085/0167 | 40,606 app_ids | 51.0% | decorrido 02:11:35
2026-08-31 17:08:49 | INFO    | steamreq.discovery | [DISCOVERY] Realistic              | pag 0090/0167 | 40,630 app_ids | 54.0% | decorrido 02:11:55
2026-08-31 17:09:09 | INFO    | steamreq.discovery | [DISCOVERY] Realistic              | pag 0095/0167 | 40,646 app_ids | 57.0% | decorrido 02:12:15
2026-08-31 17:09:29 | INFO    | steamreq.discovery | [DISCOVERY] Realistic              | pag 0100/0167 | 40,669 app_ids | 60.0% | decorrido 02:12:35
2026-08-31 17:09:49 | INFO    | steamreq.discovery | [DISCOVERY] Realistic              | pag 0105/0167 | 40,681 app_ids | 63.0% | decorrido 02:12:55
2026-08-31 17:10:09 | INFO    | steamreq.discovery | [DISCOVERY] Realistic              | pag 0110/0167 | 40,712 app_ids | 66.0% | decorrido 02:13:15
2026-08-31 17:10:29 | INFO    | steamreq.discovery | [DISCOVERY] Realistic              | pag 0115/0167 | 40,733 app_ids | 69.0% | decorrido 02:13:35
2026-08-31 17:10:49 | INFO    | steamreq.discovery | [DISCOVERY] Realistic              | pag 0120/0167 | 40,752 app_ids | 72.0% | decorrido 02:13:55
2026-08-31 17:11:09 | INFO    | steamreq.discovery | [DISCOVERY] Realistic              | pag 0125/0167 | 40,760 app_ids | 75.0% | decorrido 02:14:15
2026-08-31 17:11:29 | INFO    | steamreq.discovery | [DISCOVERY] Realistic              | pag 0130/0167 | 40,786 app_ids | 78.0% | decorrido 02:14:35
2026-08-31 17:11:49 | INFO    | steamreq.discovery | [DISCOVERY] Realistic              | pag 0135/0167 | 40,812 app_ids | 81.0% | decorrido 02:14:55
2026-08-31 17:12:09 | INFO    | steamreq.discovery | [DISCOVERY] Realistic              | pag 0140/0167 | 40,823 app_ids | 84.0% | decorrido 02:15:15
2026-08-31 17:12:29 | INFO    | steamreq.discovery | [DISCOVERY] Realistic              | pag 0145/0167 | 40,851 app_ids | 87.0% | decorrido 02:15:35
2026-08-31 17:12:49 | INFO    | steamreq.discovery | [DISCOVERY] Realistic              | pag 0150/0167 | 40,867 app_ids | 90.0% | decorrido 02:15:55
2026-08-31 17:13:09 | INFO    | steamreq.discovery | [DISCOVERY] Realistic              | pag 0155/0167 | 40,893 app_ids | 93.0% | decorrido 02:16:15
2026-08-31 17:13:29 | INFO    | steamreq.discovery | [DISCOVERY] Realistic              | pag 0160/0167 | 40,918 app_ids | 96.0% | decorrido 02:16:35
2026-08-31 17:13:49 | INFO    | steamreq.discovery | [DISCOVERY] Realistic              | pag 0165/0167 | 40,937 app_ids | 99.0% | decorrido 02:16:55
2026-08-31 17:13:57 | INFO    | steamreq.discovery | [DISCOVERY] Realistic              | pag 0167/0167 | 40,944 app_ids | 100.0% | decorrido 02:17:03
2026-08-31 17:13:57 | WARNING | steamreq.discovery | [DISCOVERY] Realistic              | cobertura 89.7% (7,476 distintos de 8,330 declarados)
2026-08-31 17:13:57 | WARNING | steamreq.discovery | [DISCOVERY] cobertura abaixo de 95%%: a ordenacao do endpoint pode ter sido instavel entre paginas. Reexecutar `discover --no-resume` tende a recuperar itens faltantes, pois a uniao e cumulativa.
2026-08-31 17:13:57 | INFO    | steamreq.discovery | [DISCOVERY] Realistic              | +758 novos | uniao=40,944
2026-08-31 17:13:57 | INFO    | steamreq.discovery | [DISCOVERY] --- tag 19/24: Cinematic ---
2026-08-31 17:14:01 | INFO    | steamreq.discovery | [DISCOVERY] tag Cinematic (4145) untags=Indie(492) -> total_count=3,517
2026-08-31 17:14:17 | INFO    | steamreq.discovery | [DISCOVERY] Cinematic              | pag 0005/0071 | 40,977 app_ids | 7.1% | decorrido 02:17:23
2026-08-31 17:14:37 | INFO    | steamreq.discovery | [DISCOVERY] Cinematic              | pag 0010/0071 | 41,024 app_ids | 14.2% | decorrido 02:17:43
2026-08-31 17:14:57 | INFO    | steamreq.discovery | [DISCOVERY] Cinematic              | pag 0015/0071 | 41,068 app_ids | 21.3% | decorrido 02:18:03
2026-08-31 17:15:17 | INFO    | steamreq.discovery | [DISCOVERY] Cinematic              | pag 0020/0071 | 41,100 app_ids | 28.4% | decorrido 02:18:23
2026-08-31 17:15:37 | INFO    | steamreq.discovery | [DISCOVERY] Cinematic              | pag 0025/0071 | 41,128 app_ids | 35.5% | decorrido 02:18:43
2026-08-31 17:15:57 | INFO    | steamreq.discovery | [DISCOVERY] Cinematic              | pag 0030/0071 | 41,168 app_ids | 42.6% | decorrido 02:19:03
2026-08-31 17:16:17 | INFO    | steamreq.discovery | [DISCOVERY] Cinematic              | pag 0035/0071 | 41,215 app_ids | 49.8% | decorrido 02:19:23
2026-08-31 17:16:37 | INFO    | steamreq.discovery | [DISCOVERY] Cinematic              | pag 0040/0071 | 41,252 app_ids | 56.9% | decorrido 02:19:43
2026-08-31 17:16:57 | INFO    | steamreq.discovery | [DISCOVERY] Cinematic              | pag 0045/0071 | 41,293 app_ids | 64.0% | decorrido 02:20:03
2026-08-31 17:17:17 | INFO    | steamreq.discovery | [DISCOVERY] Cinematic              | pag 0050/0071 | 41,328 app_ids | 71.1% | decorrido 02:20:23
2026-08-31 17:17:37 | INFO    | steamreq.discovery | [DISCOVERY] Cinematic              | pag 0055/0071 | 41,366 app_ids | 78.2% | decorrido 02:20:43
2026-08-31 17:17:58 | INFO    | steamreq.discovery | [DISCOVERY] Cinematic              | pag 0060/0071 | 41,405 app_ids | 85.3% | decorrido 02:21:03
2026-08-31 17:18:17 | INFO    | steamreq.discovery | [DISCOVERY] Cinematic              | pag 0065/0071 | 41,463 app_ids | 92.4% | decorrido 02:21:23
2026-08-31 17:18:37 | INFO    | steamreq.discovery | [DISCOVERY] Cinematic              | pag 0070/0071 | 41,503 app_ids | 99.5% | decorrido 02:21:43
2026-08-31 17:18:41 | INFO    | steamreq.discovery | [DISCOVERY] Cinematic              | pag 0071/0071 | 41,507 app_ids | 100.0% | decorrido 02:21:47
2026-08-31 17:18:41 | WARNING | steamreq.discovery | [DISCOVERY] Cinematic              | cobertura 91.8% (3,230 distintos de 3,517 declarados)
2026-08-31 17:18:41 | WARNING | steamreq.discovery | [DISCOVERY] cobertura abaixo de 95%%: a ordenacao do endpoint pode ter sido instavel entre paginas. Reexecutar `discover --no-resume` tende a recuperar itens faltantes, pois a uniao e cumulativa.
2026-08-31 17:18:41 | INFO    | steamreq.discovery | [DISCOVERY] Cinematic              | +563 novos | uniao=41,507
2026-08-31 17:18:41 | INFO    | steamreq.discovery | [DISCOVERY] --- tag 20/24: Action-Adventure ---
2026-08-31 17:18:45 | INFO    | steamreq.discovery | [DISCOVERY] tag Action-Adventure (4106) untags=Indie(492) -> total_count=14,304
2026-08-31 17:19:01 | INFO    | steamreq.discovery | [DISCOVERY] Action-Adventure       | pag 0005/0287 | 41,533 app_ids | 1.7% | decorrido 02:22:07
2026-08-31 17:19:21 | INFO    | steamreq.discovery | [DISCOVERY] Action-Adventure       | pag 0010/0287 | 41,578 app_ids | 3.5% | decorrido 02:22:27
2026-08-31 17:19:41 | INFO    | steamreq.discovery | [DISCOVERY] Action-Adventure       | pag 0015/0287 | 41,642 app_ids | 5.2% | decorrido 02:22:47
2026-08-31 17:20:01 | INFO    | steamreq.discovery | [DISCOVERY] Action-Adventure       | pag 0020/0287 | 41,704 app_ids | 7.0% | decorrido 02:23:07
2026-08-31 17:20:21 | INFO    | steamreq.discovery | [DISCOVERY] Action-Adventure       | pag 0025/0287 | 41,786 app_ids | 8.7% | decorrido 02:23:27
2026-08-31 17:20:41 | INFO    | steamreq.discovery | [DISCOVERY] Action-Adventure       | pag 0030/0287 | 41,873 app_ids | 10.5% | decorrido 02:23:47
2026-08-31 17:21:01 | INFO    | steamreq.discovery | [DISCOVERY] Action-Adventure       | pag 0035/0287 | 41,955 app_ids | 12.2% | decorrido 02:24:07
2026-08-31 17:21:21 | INFO    | steamreq.discovery | [DISCOVERY] Action-Adventure       | pag 0040/0287 | 42,043 app_ids | 14.0% | decorrido 02:24:27
2026-08-31 17:21:41 | INFO    | steamreq.discovery | [DISCOVERY] Action-Adventure       | pag 0045/0287 | 42,124 app_ids | 15.7% | decorrido 02:24:47
2026-08-31 17:22:01 | INFO    | steamreq.discovery | [DISCOVERY] Action-Adventure       | pag 0050/0287 | 42,206 app_ids | 17.5% | decorrido 02:25:07
2026-08-31 17:22:21 | INFO    | steamreq.discovery | [DISCOVERY] Action-Adventure       | pag 0055/0287 | 42,283 app_ids | 19.2% | decorrido 02:25:27
2026-08-31 17:22:42 | INFO    | steamreq.discovery | [DISCOVERY] Action-Adventure       | pag 0060/0287 | 42,348 app_ids | 21.0% | decorrido 02:25:47
2026-08-31 17:23:01 | INFO    | steamreq.discovery | [DISCOVERY] Action-Adventure       | pag 0065/0287 | 42,412 app_ids | 22.7% | decorrido 02:26:07
2026-08-31 17:23:21 | INFO    | steamreq.discovery | [DISCOVERY] Action-Adventure       | pag 0070/0287 | 42,472 app_ids | 24.5% | decorrido 02:26:27
2026-08-31 17:23:41 | INFO    | steamreq.discovery | [DISCOVERY] Action-Adventure       | pag 0075/0287 | 42,528 app_ids | 26.2% | decorrido 02:26:47
2026-08-31 17:24:01 | INFO    | steamreq.discovery | [DISCOVERY] Action-Adventure       | pag 0080/0287 | 42,574 app_ids | 28.0% | decorrido 02:27:07
2026-08-31 17:24:21 | INFO    | steamreq.discovery | [DISCOVERY] Action-Adventure       | pag 0085/0287 | 42,611 app_ids | 29.7% | decorrido 02:27:27
2026-08-31 17:24:41 | INFO    | steamreq.discovery | [DISCOVERY] Action-Adventure       | pag 0090/0287 | 42,648 app_ids | 31.5% | decorrido 02:27:47
2026-08-31 17:25:02 | INFO    | steamreq.discovery | [DISCOVERY] Action-Adventure       | pag 0095/0287 | 42,695 app_ids | 33.2% | decorrido 02:28:07
2026-08-31 17:25:21 | INFO    | steamreq.discovery | [DISCOVERY] Action-Adventure       | pag 0100/0287 | 42,776 app_ids | 35.0% | decorrido 02:28:27
2026-08-31 17:25:41 | INFO    | steamreq.discovery | [DISCOVERY] Action-Adventure       | pag 0105/0287 | 42,845 app_ids | 36.7% | decorrido 02:28:47
2026-08-31 17:26:02 | INFO    | steamreq.discovery | [DISCOVERY] Action-Adventure       | pag 0110/0287 | 42,914 app_ids | 38.5% | decorrido 02:29:07
2026-08-31 17:26:21 | INFO    | steamreq.discovery | [DISCOVERY] Action-Adventure       | pag 0115/0287 | 42,988 app_ids | 40.2% | decorrido 02:29:27
2026-08-31 17:26:42 | INFO    | steamreq.discovery | [DISCOVERY] Action-Adventure       | pag 0120/0287 | 43,050 app_ids | 41.9% | decorrido 02:29:47
2026-08-31 17:27:01 | INFO    | steamreq.discovery | [DISCOVERY] Action-Adventure       | pag 0125/0287 | 43,122 app_ids | 43.7% | decorrido 02:30:07
2026-08-31 17:27:21 | INFO    | steamreq.discovery | [DISCOVERY] Action-Adventure       | pag 0130/0287 | 43,183 app_ids | 45.4% | decorrido 02:30:27
2026-08-31 17:27:42 | INFO    | steamreq.discovery | [DISCOVERY] Action-Adventure       | pag 0135/0287 | 43,226 app_ids | 47.2% | decorrido 02:30:47
2026-08-31 17:28:02 | INFO    | steamreq.discovery | [DISCOVERY] Action-Adventure       | pag 0140/0287 | 43,311 app_ids | 48.9% | decorrido 02:31:07
2026-08-31 17:28:22 | INFO    | steamreq.discovery | [DISCOVERY] Action-Adventure       | pag 0145/0287 | 43,389 app_ids | 50.7% | decorrido 02:31:27
2026-08-31 17:28:42 | INFO    | steamreq.discovery | [DISCOVERY] Action-Adventure       | pag 0150/0287 | 43,436 app_ids | 52.4% | decorrido 02:31:47
2026-08-31 17:29:02 | INFO    | steamreq.discovery | [DISCOVERY] Action-Adventure       | pag 0155/0287 | 43,475 app_ids | 54.2% | decorrido 02:32:07
2026-08-31 17:29:22 | INFO    | steamreq.discovery | [DISCOVERY] Action-Adventure       | pag 0160/0287 | 43,534 app_ids | 55.9% | decorrido 02:32:27
2026-08-31 17:29:42 | INFO    | steamreq.discovery | [DISCOVERY] Action-Adventure       | pag 0165/0287 | 43,614 app_ids | 57.7% | decorrido 02:32:47
2026-08-31 17:30:02 | INFO    | steamreq.discovery | [DISCOVERY] Action-Adventure       | pag 0170/0287 | 43,658 app_ids | 59.4% | decorrido 02:33:07
2026-08-31 17:30:22 | INFO    | steamreq.discovery | [DISCOVERY] Action-Adventure       | pag 0175/0287 | 43,706 app_ids | 61.2% | decorrido 02:33:27
2026-08-31 17:30:42 | INFO    | steamreq.discovery | [DISCOVERY] Action-Adventure       | pag 0180/0287 | 43,746 app_ids | 62.9% | decorrido 02:33:47
2026-08-31 17:31:02 | INFO    | steamreq.discovery | [DISCOVERY] Action-Adventure       | pag 0185/0287 | 43,828 app_ids | 64.7% | decorrido 02:34:07
2026-08-31 17:31:21 | INFO    | steamreq.discovery | [DISCOVERY] Action-Adventure       | pag 0190/0287 | 43,888 app_ids | 66.4% | decorrido 02:34:27
2026-08-31 17:31:42 | INFO    | steamreq.discovery | [DISCOVERY] Action-Adventure       | pag 0195/0287 | 43,935 app_ids | 68.2% | decorrido 02:34:47
2026-08-31 17:32:02 | INFO    | steamreq.discovery | [DISCOVERY] Action-Adventure       | pag 0200/0287 | 43,983 app_ids | 69.9% | decorrido 02:35:07
2026-08-31 17:32:22 | INFO    | steamreq.discovery | [DISCOVERY] Action-Adventure       | pag 0205/0287 | 44,009 app_ids | 71.7% | decorrido 02:35:27
2026-08-31 17:32:42 | INFO    | steamreq.discovery | [DISCOVERY] Action-Adventure       | pag 0210/0287 | 44,065 app_ids | 73.4% | decorrido 02:35:47
2026-08-31 17:33:02 | INFO    | steamreq.discovery | [DISCOVERY] Action-Adventure       | pag 0215/0287 | 44,137 app_ids | 75.2% | decorrido 02:36:07
2026-08-31 17:33:22 | INFO    | steamreq.discovery | [DISCOVERY] Action-Adventure       | pag 0220/0287 | 44,199 app_ids | 76.9% | decorrido 02:36:27
2026-08-31 17:33:41 | INFO    | steamreq.discovery | [DISCOVERY] Action-Adventure       | pag 0225/0287 | 44,253 app_ids | 78.6% | decorrido 02:36:47
2026-08-31 17:34:02 | INFO    | steamreq.discovery | [DISCOVERY] Action-Adventure       | pag 0230/0287 | 44,306 app_ids | 80.4% | decorrido 02:37:07
2026-08-31 17:34:22 | INFO    | steamreq.discovery | [DISCOVERY] Action-Adventure       | pag 0235/0287 | 44,358 app_ids | 82.1% | decorrido 02:37:27
2026-08-31 17:34:41 | INFO    | steamreq.discovery | [DISCOVERY] Action-Adventure       | pag 0240/0287 | 44,395 app_ids | 83.9% | decorrido 02:37:47
2026-08-31 17:35:02 | INFO    | steamreq.discovery | [DISCOVERY] Action-Adventure       | pag 0245/0287 | 44,453 app_ids | 85.6% | decorrido 02:38:07
2026-08-31 17:35:22 | INFO    | steamreq.discovery | [DISCOVERY] Action-Adventure       | pag 0250/0287 | 44,491 app_ids | 87.4% | decorrido 02:38:27
2026-08-31 17:35:42 | INFO    | steamreq.discovery | [DISCOVERY] Action-Adventure       | pag 0255/0287 | 44,534 app_ids | 89.1% | decorrido 02:38:47
2026-08-31 17:35:45 | WARNING | steamreq.client | [RATE] HTTP_5XX (search) -> backoff 4.2s (tentativa 2/5) | https://store.steampowered.com/search/results/
2026-08-31 17:36:06 | INFO    | steamreq.discovery | [DISCOVERY] Action-Adventure       | pag 0260/0287 | 44,586 app_ids | 90.9% | decorrido 02:39:11
2026-08-31 17:36:26 | INFO    | steamreq.discovery | [DISCOVERY] Action-Adventure       | pag 0265/0287 | 44,644 app_ids | 92.6% | decorrido 02:39:31
2026-08-31 17:36:46 | INFO    | steamreq.discovery | [DISCOVERY] Action-Adventure       | pag 0270/0287 | 44,678 app_ids | 94.4% | decorrido 02:39:51
2026-08-31 17:37:06 | INFO    | steamreq.discovery | [DISCOVERY] Action-Adventure       | pag 0275/0287 | 44,733 app_ids | 96.1% | decorrido 02:40:11
2026-08-31 17:37:26 | INFO    | steamreq.discovery | [DISCOVERY] Action-Adventure       | pag 0280/0287 | 44,780 app_ids | 97.9% | decorrido 02:40:31
2026-08-31 17:37:46 | INFO    | steamreq.discovery | [DISCOVERY] Action-Adventure       | pag 0285/0287 | 44,845 app_ids | 99.6% | decorrido 02:40:51
2026-08-31 17:37:54 | INFO    | steamreq.discovery | [DISCOVERY] Action-Adventure       | pag 0287/0287 | 44,860 app_ids | 100.0% | decorrido 02:40:59
2026-08-31 17:37:54 | WARNING | steamreq.discovery | [DISCOVERY] Action-Adventure       | cobertura 85.6% (12,251 distintos de 14,304 declarados)
2026-08-31 17:37:54 | WARNING | steamreq.discovery | [DISCOVERY] cobertura abaixo de 95%%: a ordenacao do endpoint pode ter sido instavel entre paginas. Reexecutar `discover --no-resume` tende a recuperar itens faltantes, pois a uniao e cumulativa.
2026-08-31 17:37:54 | INFO    | steamreq.discovery | [DISCOVERY] Action-Adventure       | +3,353 novos | uniao=44,860
2026-08-31 17:37:54 | INFO    | steamreq.discovery | [DISCOVERY] --- tag 21/24: Action RPG ---
2026-08-31 17:37:58 | INFO    | steamreq.discovery | [DISCOVERY] tag Action RPG (4231) untags=Indie(492) -> total_count=6,677
2026-08-31 17:38:14 | INFO    | steamreq.discovery | [DISCOVERY] Action RPG             | pag 0005/0134 | 44,890 app_ids | 3.7% | decorrido 02:41:19
2026-08-31 17:38:34 | INFO    | steamreq.discovery | [DISCOVERY] Action RPG             | pag 0010/0134 | 44,929 app_ids | 7.5% | decorrido 02:41:39
2026-08-31 17:38:54 | INFO    | steamreq.discovery | [DISCOVERY] Action RPG             | pag 0015/0134 | 44,980 app_ids | 11.2% | decorrido 02:41:59
2026-08-31 17:39:14 | INFO    | steamreq.discovery | [DISCOVERY] Action RPG             | pag 0020/0134 | 45,042 app_ids | 15.0% | decorrido 02:42:19
2026-08-31 17:39:34 | INFO    | steamreq.discovery | [DISCOVERY] Action RPG             | pag 0025/0134 | 45,103 app_ids | 18.7% | decorrido 02:42:39
2026-08-31 17:39:54 | INFO    | steamreq.discovery | [DISCOVERY] Action RPG             | pag 0030/0134 | 45,154 app_ids | 22.5% | decorrido 02:42:59
2026-08-31 17:40:14 | INFO    | steamreq.discovery | [DISCOVERY] Action RPG             | pag 0035/0134 | 45,203 app_ids | 26.2% | decorrido 02:43:19
2026-08-31 17:40:34 | INFO    | steamreq.discovery | [DISCOVERY] Action RPG             | pag 0040/0134 | 45,247 app_ids | 30.0% | decorrido 02:43:39
2026-08-31 17:40:54 | INFO    | steamreq.discovery | [DISCOVERY] Action RPG             | pag 0045/0134 | 45,284 app_ids | 33.7% | decorrido 02:43:59
2026-08-31 17:41:14 | INFO    | steamreq.discovery | [DISCOVERY] Action RPG             | pag 0050/0134 | 45,336 app_ids | 37.4% | decorrido 02:44:19
2026-08-31 17:41:34 | INFO    | steamreq.discovery | [DISCOVERY] Action RPG             | pag 0055/0134 | 45,421 app_ids | 41.2% | decorrido 02:44:39
2026-08-31 17:41:54 | INFO    | steamreq.discovery | [DISCOVERY] Action RPG             | pag 0060/0134 | 45,475 app_ids | 44.9% | decorrido 02:44:59
2026-08-31 17:42:14 | INFO    | steamreq.discovery | [DISCOVERY] Action RPG             | pag 0065/0134 | 45,525 app_ids | 48.7% | decorrido 02:45:19
2026-08-31 17:42:34 | INFO    | steamreq.discovery | [DISCOVERY] Action RPG             | pag 0070/0134 | 45,592 app_ids | 52.4% | decorrido 02:45:40
2026-08-31 17:42:54 | INFO    | steamreq.discovery | [DISCOVERY] Action RPG             | pag 0075/0134 | 45,641 app_ids | 56.2% | decorrido 02:45:59
2026-08-31 17:43:14 | INFO    | steamreq.discovery | [DISCOVERY] Action RPG             | pag 0080/0134 | 45,691 app_ids | 59.9% | decorrido 02:46:19
2026-08-31 17:43:34 | INFO    | steamreq.discovery | [DISCOVERY] Action RPG             | pag 0085/0134 | 45,729 app_ids | 63.7% | decorrido 02:46:39
2026-08-31 17:43:54 | INFO    | steamreq.discovery | [DISCOVERY] Action RPG             | pag 0090/0134 | 45,770 app_ids | 67.4% | decorrido 02:46:59
2026-08-31 17:44:14 | INFO    | steamreq.discovery | [DISCOVERY] Action RPG             | pag 0095/0134 | 45,818 app_ids | 71.1% | decorrido 02:47:19
2026-08-31 17:44:34 | INFO    | steamreq.discovery | [DISCOVERY] Action RPG             | pag 0100/0134 | 45,854 app_ids | 74.9% | decorrido 02:47:39
2026-08-31 17:44:54 | INFO    | steamreq.discovery | [DISCOVERY] Action RPG             | pag 0105/0134 | 45,900 app_ids | 78.6% | decorrido 02:47:59
2026-08-31 17:45:14 | INFO    | steamreq.discovery | [DISCOVERY] Action RPG             | pag 0110/0134 | 45,934 app_ids | 82.4% | decorrido 02:48:19
2026-08-31 17:45:34 | INFO    | steamreq.discovery | [DISCOVERY] Action RPG             | pag 0115/0134 | 45,968 app_ids | 86.1% | decorrido 02:48:39
2026-08-31 17:45:54 | INFO    | steamreq.discovery | [DISCOVERY] Action RPG             | pag 0120/0134 | 46,013 app_ids | 89.9% | decorrido 02:48:59
2026-08-31 17:46:14 | INFO    | steamreq.discovery | [DISCOVERY] Action RPG             | pag 0125/0134 | 46,058 app_ids | 93.6% | decorrido 02:49:19
2026-08-31 17:46:34 | INFO    | steamreq.discovery | [DISCOVERY] Action RPG             | pag 0130/0134 | 46,119 app_ids | 97.3% | decorrido 02:49:39
2026-08-31 17:46:50 | INFO    | steamreq.discovery | [DISCOVERY] Action RPG             | pag 0134/0134 | 46,155 app_ids | 100.0% | decorrido 02:49:55
2026-08-31 17:46:50 | WARNING | steamreq.discovery | [DISCOVERY] Action RPG             | cobertura 89.3% (5,961 distintos de 6,677 declarados)
2026-08-31 17:46:50 | WARNING | steamreq.discovery | [DISCOVERY] cobertura abaixo de 95%%: a ordenacao do endpoint pode ter sido instavel entre paginas. Reexecutar `discover --no-resume` tende a recuperar itens faltantes, pois a uniao e cumulativa.
2026-08-31 17:46:50 | INFO    | steamreq.discovery | [DISCOVERY] Action RPG             | +1,295 novos | uniao=46,155
2026-08-31 17:46:50 | INFO    | steamreq.discovery | [DISCOVERY] --- tag 22/24: Souls-like ---
2026-08-31 17:46:54 | INFO    | steamreq.discovery | [DISCOVERY] tag Souls-like (29482) untags=Indie(492) -> total_count=1,817
2026-08-31 17:47:10 | INFO    | steamreq.discovery | [DISCOVERY] Souls-like             | pag 0005/0037 | 46,177 app_ids | 13.8% | decorrido 02:50:15
2026-08-31 17:47:30 | INFO    | steamreq.discovery | [DISCOVERY] Souls-like             | pag 0010/0037 | 46,219 app_ids | 27.5% | decorrido 02:50:35
2026-08-31 17:47:50 | INFO    | steamreq.discovery | [DISCOVERY] Souls-like             | pag 0015/0037 | 46,253 app_ids | 41.3% | decorrido 02:50:55
2026-08-31 17:48:10 | INFO    | steamreq.discovery | [DISCOVERY] Souls-like             | pag 0020/0037 | 46,285 app_ids | 55.0% | decorrido 02:51:15
2026-08-31 17:48:30 | INFO    | steamreq.discovery | [DISCOVERY] Souls-like             | pag 0025/0037 | 46,326 app_ids | 68.8% | decorrido 02:51:35
2026-08-31 17:48:50 | INFO    | steamreq.discovery | [DISCOVERY] Souls-like             | pag 0030/0037 | 46,359 app_ids | 82.6% | decorrido 02:51:55
2026-08-31 17:49:10 | INFO    | steamreq.discovery | [DISCOVERY] Souls-like             | pag 0035/0037 | 46,388 app_ids | 96.3% | decorrido 02:52:15
2026-08-31 17:49:18 | INFO    | steamreq.discovery | [DISCOVERY] Souls-like             | pag 0037/0037 | 46,406 app_ids | 100.0% | decorrido 02:52:23
2026-08-31 17:49:18 | WARNING | steamreq.discovery | [DISCOVERY] Souls-like             | cobertura 93.4% (1,697 distintos de 1,817 declarados)
2026-08-31 17:49:18 | WARNING | steamreq.discovery | [DISCOVERY] cobertura abaixo de 95%%: a ordenacao do endpoint pode ter sido instavel entre paginas. Reexecutar `discover --no-resume` tende a recuperar itens faltantes, pois a uniao e cumulativa.
2026-08-31 17:49:18 | INFO    | steamreq.discovery | [DISCOVERY] Souls-like             | +251 novos | uniao=46,406
2026-08-31 17:49:18 | INFO    | steamreq.discovery | [DISCOVERY] --- tag 23/24: Survival Horror ---
2026-08-31 17:49:22 | INFO    | steamreq.discovery | [DISCOVERY] tag Survival Horror (3978) untags=Indie(492) -> total_count=4,109
2026-08-31 17:49:38 | INFO    | steamreq.discovery | [DISCOVERY] Survival Horror        | pag 0005/0083 | 46,420 app_ids | 6.1% | decorrido 02:52:43
2026-08-31 17:49:58 | INFO    | steamreq.discovery | [DISCOVERY] Survival Horror        | pag 0010/0083 | 46,440 app_ids | 12.2% | decorrido 02:53:03
2026-08-31 17:50:18 | INFO    | steamreq.discovery | [DISCOVERY] Survival Horror        | pag 0015/0083 | 46,466 app_ids | 18.3% | decorrido 02:53:23
2026-08-31 17:50:38 | INFO    | steamreq.discovery | [DISCOVERY] Survival Horror        | pag 0020/0083 | 46,494 app_ids | 24.3% | decorrido 02:53:43
2026-08-31 17:50:58 | INFO    | steamreq.discovery | [DISCOVERY] Survival Horror        | pag 0025/0083 | 46,509 app_ids | 30.4% | decorrido 02:54:03
2026-08-31 17:51:18 | INFO    | steamreq.discovery | [DISCOVERY] Survival Horror        | pag 0030/0083 | 46,530 app_ids | 36.5% | decorrido 02:54:23
2026-08-31 17:51:38 | INFO    | steamreq.discovery | [DISCOVERY] Survival Horror        | pag 0035/0083 | 46,539 app_ids | 42.6% | decorrido 02:54:44
2026-08-31 17:51:58 | INFO    | steamreq.discovery | [DISCOVERY] Survival Horror        | pag 0040/0083 | 46,559 app_ids | 48.7% | decorrido 02:55:03
2026-08-31 17:52:18 | INFO    | steamreq.discovery | [DISCOVERY] Survival Horror        | pag 0045/0083 | 46,574 app_ids | 54.8% | decorrido 02:55:23
2026-08-31 17:52:38 | INFO    | steamreq.discovery | [DISCOVERY] Survival Horror        | pag 0050/0083 | 46,593 app_ids | 60.8% | decorrido 02:55:43
2026-08-31 17:52:58 | INFO    | steamreq.discovery | [DISCOVERY] Survival Horror        | pag 0055/0083 | 46,617 app_ids | 66.9% | decorrido 02:56:03
2026-08-31 17:53:18 | INFO    | steamreq.discovery | [DISCOVERY] Survival Horror        | pag 0060/0083 | 46,644 app_ids | 73.0% | decorrido 02:56:23
2026-08-31 17:53:38 | INFO    | steamreq.discovery | [DISCOVERY] Survival Horror        | pag 0065/0083 | 46,666 app_ids | 79.1% | decorrido 02:56:43
2026-08-31 17:53:58 | INFO    | steamreq.discovery | [DISCOVERY] Survival Horror        | pag 0070/0083 | 46,689 app_ids | 85.2% | decorrido 02:57:03
2026-08-31 17:54:18 | INFO    | steamreq.discovery | [DISCOVERY] Survival Horror        | pag 0075/0083 | 46,717 app_ids | 91.3% | decorrido 02:57:24
2026-08-31 17:54:38 | INFO    | steamreq.discovery | [DISCOVERY] Survival Horror        | pag 0080/0083 | 46,737 app_ids | 97.3% | decorrido 02:57:43
2026-08-31 17:54:50 | INFO    | steamreq.discovery | [DISCOVERY] Survival Horror        | pag 0083/0083 | 46,748 app_ids | 100.0% | decorrido 02:57:55
2026-08-31 17:54:50 | WARNING | steamreq.discovery | [DISCOVERY] Survival Horror        | cobertura 92.6% (3,805 distintos de 4,109 declarados)
2026-08-31 17:54:50 | WARNING | steamreq.discovery | [DISCOVERY] cobertura abaixo de 95%%: a ordenacao do endpoint pode ter sido instavel entre paginas. Reexecutar `discover --no-resume` tende a recuperar itens faltantes, pois a uniao e cumulativa.
2026-08-31 17:54:50 | INFO    | steamreq.discovery | [DISCOVERY] Survival Horror        | +342 novos | uniao=46,748
2026-08-31 17:54:50 | INFO    | steamreq.discovery | [DISCOVERY] --- tag 24/24: Driving ---
2026-08-31 17:54:54 | INFO    | steamreq.discovery | [DISCOVERY] tag Driving (1644) untags=Indie(492) -> total_count=2,099
2026-08-31 17:55:10 | INFO    | steamreq.discovery | [DISCOVERY] Driving                | pag 0005/0042 | 46,756 app_ids | 11.9% | decorrido 02:58:15
2026-08-31 17:55:30 | INFO    | steamreq.discovery | [DISCOVERY] Driving                | pag 0010/0042 | 46,772 app_ids | 23.8% | decorrido 02:58:35
2026-08-31 17:55:50 | INFO    | steamreq.discovery | [DISCOVERY] Driving                | pag 0015/0042 | 46,793 app_ids | 35.7% | decorrido 02:58:55
2026-08-31 17:56:10 | INFO    | steamreq.discovery | [DISCOVERY] Driving                | pag 0020/0042 | 46,811 app_ids | 47.6% | decorrido 02:59:15
2026-08-31 17:56:30 | INFO    | steamreq.discovery | [DISCOVERY] Driving                | pag 0025/0042 | 46,827 app_ids | 59.6% | decorrido 02:59:36
2026-08-31 17:56:50 | INFO    | steamreq.discovery | [DISCOVERY] Driving                | pag 0030/0042 | 46,849 app_ids | 71.5% | decorrido 02:59:55
2026-08-31 17:57:10 | INFO    | steamreq.discovery | [DISCOVERY] Driving                | pag 0035/0042 | 46,873 app_ids | 83.4% | decorrido 03:00:15
2026-08-31 17:57:30 | INFO    | steamreq.discovery | [DISCOVERY] Driving                | pag 0040/0042 | 46,896 app_ids | 95.3% | decorrido 03:00:35
2026-08-31 17:57:38 | INFO    | steamreq.discovery | [DISCOVERY] Driving                | pag 0042/0042 | 46,900 app_ids | 100.0% | decorrido 03:00:43
2026-08-31 17:57:38 | INFO    | steamreq.discovery | [DISCOVERY] Driving                | cobertura 96.4% (2,024 distintos de 2,099 declarados)
2026-08-31 17:57:38 | INFO    | steamreq.discovery | [DISCOVERY] Driving                | +152 novos | uniao=46,900
2026-08-31 17:57:39 | INFO    | steamreq.discovery | [DISCOVERY] uniao de 24 tags positivas -> 46,900 app_ids unicos
2026-08-31 17:57:39 | INFO    | steamreq.discovery | [DISCOVERY] gravado em C:\Users\z004kree\OneDrive - Siemens Energy\Área de Trabalho\MBA DSA\steam-req-pipeline\data/processed/candidates.json
2026-08-31 17:57:39 | INFO    | steamreq.discovery | [LEDGER]    coletando app_ids excluidos por Indie (interseccao das tags positivas com Indie)
2026-08-31 18:31:10 | INFO    | steamreq.discovery | [LEDGER]    3D                     | Indie -> 25,112 | acumulado=20,968
2026-08-31 18:47:32 | WARNING | steamreq.client | [RATE] INVALID_JSON (search) -> backoff 5.0s (tentativa 2/5) | https://store.steampowered.com/search/results/
2026-08-31 18:52:14 | INFO    | steamreq.discovery | [LEDGER]    First-Person           | Indie -> 15,561 | acumulado=27,285
2026-08-31 19:02:26 | INFO    | steamreq.discovery | [LEDGER]    Third Person           | Indie -> 7,612 | acumulado=29,910
2026-08-31 19:04:38 | INFO    | steamreq.discovery | [LEDGER]    Third-Person Shooter   | Indie -> 1,630 | acumulado=30,232
2026-08-31 19:11:06 | INFO    | steamreq.discovery | [LEDGER]    FPS                    | Indie -> 4,805 | acumulado=31,128
2026-08-31 19:17:46 | INFO    | steamreq.discovery | [LEDGER]    3D Platformer          | Indie -> 4,978 | acumulado=32,016
2026-08-31 19:18:54 | INFO    | steamreq.discovery | [LEDGER]    3D Fighter             | Indie -> 849 | acumulado=32,146
2026-08-31 19:24:30 | INFO    | steamreq.discovery | [LEDGER]    Immersive Sim          | Indie -> 4,154 | acumulado=33,489
2026-08-31 19:30:46 | INFO    | steamreq.discovery | [LEDGER]    Walking Simulator      | Indie -> 4,671 | acumulado=34,266
2026-08-31 19:32:06 | INFO    | steamreq.discovery | [LEDGER]    Automobile Sim         | Indie -> 954 | acumulado=34,529
2026-08-31 19:33:58 | INFO    | steamreq.discovery | [LEDGER]    Flight                 | Indie -> 1,367 | acumulado=35,103
2026-08-31 19:35:10 | INFO    | steamreq.discovery | [LEDGER]    Space Sim              | Indie -> 892 | acumulado=35,506
2026-08-31 19:35:46 | INFO    | steamreq.discovery | [LEDGER]    Looter Shooter         | Indie -> 437 | acumulado=35,670
2026-08-31 19:36:22 | INFO    | steamreq.discovery | [LEDGER]    Hero Shooter           | Indie -> 409 | acumulado=35,785
2026-08-31 19:38:42 | INFO    | steamreq.discovery | [LEDGER]    Arena Shooter          | Indie -> 1,736 | acumulado=36,457
2026-08-31 19:38:46 | INFO    | steamreq.discovery | [LEDGER]    Rail Shooter           | Indie -> 0 | acumulado=36,457
2026-08-31 19:46:06 | INFO    | steamreq.discovery | [LEDGER]    Open World             | Indie -> 5,453 | acumulado=38,168
2026-08-31 19:54:40 | WARNING | steamreq.client | [RATE] INVALID_JSON (search) -> backoff 4.4s (tentativa 2/5) | https://store.steampowered.com/search/results/
2026-08-31 19:55:05 | INFO    | steamreq.discovery | [LEDGER]    Realistic              | Indie -> 6,511 | acumulado=38,876
2026-08-31 19:58:05 | INFO    | steamreq.discovery | [LEDGER]    Cinematic              | Indie -> 2,230 | acumulado=39,398
2026-08-31 20:12:41 | INFO    | steamreq.discovery | [LEDGER]    Action-Adventure       | Indie -> 10,920 | acumulado=42,908
2026-08-31 20:18:05 | INFO    | steamreq.discovery | [LEDGER]    Action RPG             | Indie -> 4,029 | acumulado=44,174
2026-08-31 20:20:01 | INFO    | steamreq.discovery | [LEDGER]    Souls-like             | Indie -> 1,417 | acumulado=44,501
2026-08-31 20:25:45 | INFO    | steamreq.discovery | [LEDGER]    Survival Horror        | Indie -> 4,264 | acumulado=45,062
2026-08-31 20:27:57 | INFO    | steamreq.discovery | [LEDGER]    Driving                | Indie -> 1,627 | acumulado=45,251
2026-08-31 20:27:58 | INFO    | steamreq.discovery | [LEDGER]    ledger de excluidos por Indie -> 45,251 app_ids (+45,251 novos) | C:\Users\z004kree\OneDrive - Siemens Energy\Área de Trabalho\MBA DSA\steam-req-pipeline\data/processed/ledger_excluded_indie.json
